{"type":"FeatureCollection","features":[{"type":"Feature","geometry":{"type":"Point","coordinates":[55.228046,25.168143]},"properties":{"name":"Spinneys","shop":"supermarket"}},{"type":"Feature","geometry":{"type":"Point","coordinates":[55.225411,25.152992]},"properties":{"name":"Wolfi's Bike Shop","shop":"bicycle"}},{"type":"Feature","geometry":{"type":"Point","coordinates":[55.244782,25.17389]},"properties":{"name":"Cannondale","shop":"bicycle"}},{"type":"Feature","geometry":{"type":"Point","coordinates":[55.232705,25.159994]},"properties":{"name":"Mostafawi Carpets & Curtains","shop":"curtain"}},{"type":"Feature","geometry":{"type":"Point","coordinates":[55.215879,25.133764]},"properties":{"name":"Al Khoory","shop":"car"}},{"type":"Feature","geometry":{"type":"Point","coordinates":[55.262367,25.195374]},"properties":{"name":"Safest Way","shop":"supermarket"}},{"type":"Feature","geometry":{"type":"Point","coordinates":[55.227527,25.168971]},"properties":{"name":"African & Eastern","shop":"alcohol"}},{"type":"Feature","geometry":{"type":"Point","coordinates":[55.228496,25.168397]},"properties":{"name":"MMI","shop":"alcohol"}},{"type":"Feature","geometry":{"type":"Point","coordinates":[55.229931,25.155268]},"properties":{"name":"Nissan Service Centre","shop":"car_repair"}},{"type":"Feature","geometry":{"type":"Point","coordinates":[55.236202,25.167169]},"properties":{"name":"Emarat Plus","shop":"convenience"}},{"type":"Feature","geometry":{"type":"Point","coordinates":[55.229521,25.156191]},"properties":{"name":"Advanced Technology Solutions","shop":"IT"}},{"type":"Feature","geometry":{"type":"Point","coordinates":[55.198139,25.115321]},"properties":{"name":"ChoCoa","shop":"confectionery"}},{"type":"Feature","geometry":{"type":"Point","coordinates":[55.219785,25.140164]},"properties":{"name":"Adventure HQ","shop":"outdoor"}},{"type":"Feature","geometry":{"type":"Point","coordinates":[55.234053,25.159759]},"properties":{"name":"Speedex","shop":"hardware"}},{"type":"Feature","geometry":{"type":"Point","coordinates":[55.220664,25.14187]},"properties":{"name":"Al Tayer Motors","shop":"car"}},{"type":"Feature","geometry":{"type":"Point","coordinates":[55.223492,25.175752]},"properties":{"shop":"convenience"}},{"type":"Feature","geometry":{"type":"Point","coordinates":[55.227739,25.168748]},"properties":{"shop":"clothes"}},{"type":"Feature","geometry":{"type":"Point","coordinates":[55.227783,25.16881]},"properties":{"shop":"books"}},{"type":"Feature","geometry":{"type":"Point","coordinates":[55.238286,25.18515]},"properties":{"shop":"gift"}},{"type":"Feature","geometry":{"type":"Point","coordinates":[55.238339,25.18523]},"properties":{"name":"Rose Garden","shop":"florist"}},{"type":"Feature","geometry":{"type":"Point","coordinates":[55.188912,25.139837]},"properties":{"shop":"greengrocer"}},{"type":"Feature","geometry":{"type":"Point","coordinates":[55.188911,25.139873]},"properties":{"shop":"beverages"}},{"type":"Feature","geometry":{"type":"Point","coordinates":[55.264491,25.18857]},"properties":{"name":"Spinneys","shop":"supermarket"}},{"type":"Feature","geometry":{"type":"Point","coordinates":[55.260345,25.193024]},"properties":{"name":"Deals on Wheels","shop":"car"}},{"type":"Feature","geometry":{"type":"Point","coordinates":[55.246221,25.149199]},"properties":{"name":"Al Khail Mall","shop":"supermarket"}},{"type":"Feature","geometry":{"type":"Point","coordinates":[55.253487,25.135163]},"properties":{"name":"Azhar al madhina Hypermarket","shop":"supermarket"}},{"type":"Feature","geometry":{"type":"Point","coordinates":[55.245978,25.147953]},"properties":{"name":"Grand Hypermarket","shop":"supermarket"}},{"type":"Feature","geometry":{"type":"Point","coordinates":[55.237817,25.153262]},"properties":{"name":"Khaleej Times","shop":"newsagent"}},{"type":"Feature","geometry":{"type":"Point","coordinates":[55.230996,25.154119]},"properties":{"name":"Infiniti Service Centre","shop":"car_repair"}},{"type":"Feature","geometry":{"type":"Point","coordinates":[55.231194,25.153983]},"properties":{"name":"Renault Service Centre","shop":"car_repair"}},{"type":"Feature","geometry":{"type":"Point","coordinates":[55.237587,25.166017]},"properties":{"name":"Harley-Davidson","shop":"motorcycle"}},{"type":"Feature","geometry":{"type":"Point","coordinates":[55.204867,25.114088]},"properties":{"name":"Sparkle Oasis Laundry","shop":"laundry"}},{"type":"Feature","geometry":{"type":"Point","coordinates":[55.236939,25.165371]},"properties":{"name":"Exotic Cars","shop":"car"}},{"type":"Feature","geometry":{"type":"Point","coordinates":[55.236858,25.165272]},"properties":{"name":"Al Nabooda Automobiles \u2013 Audi Showroom","shop":"car"}},{"type":"Feature","geometry":{"type":"Point","coordinates":[55.245487,25.174566]},"properties":{"name":"AGMC","shop":"car"}},{"type":"Feature","geometry":{"type":"Point","coordinates":[55.242492,25.171402]},"properties":{"name":"Ride Bike Shop","shop":"bicycle"}},{"type":"Feature","geometry":{"type":"Point","coordinates":[55.239742,25.162829]},"properties":{"name":"Micah's Bikeshop","shop":"bicycle"}},{"type":"Feature","geometry":{"type":"Point","coordinates":[55.237708,25.166174]},"properties":{"name":"Tactical Trading","shop":"outdoor"}},{"type":"Feature","geometry":{"type":"Point","coordinates":[55.215914,25.112913]},"properties":{"name":"Creative Minds","shop":"craft"}},{"type":"Feature","geometry":{"type":"Point","coordinates":[55.259524,25.172736]},"properties":{"name":"Larma Hyper Market","shop":"supermarket"}},{"type":"Feature","geometry":{"type":"Point","coordinates":[55.244261,25.150397]},"properties":{"shop":"convenience"}},{"type":"Feature","geometry":{"type":"Point","coordinates":[55.271077,25.187594]},"properties":{"name":"zoom market","shop":"general"}},{"type":"Feature","geometry":{"type":"Point","coordinates":[55.211697,25.129152]},"properties":{"name":"Al Futtaim Motors","shop":"car"}},{"type":"Feature","geometry":{"type":"Point","coordinates":[55.210346,25.128014]},"properties":{"name":"Q Motors","shop":"car"}},{"type":"Feature","geometry":{"type":"Point","coordinates":[55.211308,25.128885]},"properties":{"name":"Trading Enterprises","shop":"car"}},{"type":"Feature","geometry":{"type":"Point","coordinates":[55.20005,25.137277]},"properties":{"shop":"convenience"}},{"type":"Feature","geometry":{"type":"Point","coordinates":[55.19311,25.112385]},"properties":{"name":"1004 Mart (Korean Grocery)","shop":"supermarket"}},{"type":"Feature","geometry":{"type":"Point","coordinates":[55.238313,25.163607]},"properties":{"name":"The Arena","shop":"sports"}},{"type":"Feature","geometry":{"type":"Point","coordinates":[55.22719,25.150868]},"properties":{"name":"Raw Coffee Company","shop":"coffee"}},{"type":"Feature","geometry":{"type":"Point","coordinates":[55.228805,25.155065]},"properties":{"name":"Misto Vareni Kitchens","shop":"furniture"}},{"type":"Feature","geometry":{"type":"Point","coordinates":[55.22878,25.155069]},"properties":{"name":"\u0645\u0643\u062a\u0628 \u0648\u0645\u0642\u0631 \u0648\u0645\u0631\u0643\u0632","shop":"furniture"}},{"type":"Feature","geometry":{"type":"Point","coordinates":[55.225671,25.124625]},"properties":{"name":"EuroPro Technical Services","shop":"hardware"}},{"type":"Feature","geometry":{"type":"Point","coordinates":[55.228504,25.116963]},"properties":{"name":"Drapes interio llc","shop":"furniture"}},{"type":"Feature","geometry":{"type":"Point","coordinates":[55.263454,25.197273]},"properties":{"name":"Merlin Digital","shop":"electronics"}},{"type":"Feature","geometry":{"type":"Point","coordinates":[55.215789,25.117263]},"properties":{"name":"Safinat Al Bahar Building Materials","shop":"hardware"}},{"type":"Feature","geometry":{"type":"Point","coordinates":[55.214195,25.132162]},"properties":{"name":"KIA Motors","shop":"car"}},{"type":"Feature","geometry":{"type":"Point","coordinates":[55.216207,25.134521]},"properties":{"shop":"car_repair"}},{"type":"Feature","geometry":{"type":"Point","coordinates":[55.241893,25.169618]},"properties":{"name":"\u0643\u0627\u0631\u0641\u0648\u0631","shop":"supermarket"}},{"type":"Feature","geometry":{"type":"Point","coordinates":[55.241759,25.169715]},"properties":{"name":"Home Centre","shop":"furniture"}},{"type":"Feature","geometry":{"type":"Point","coordinates":[55.241502,25.169395]},"properties":{"name":"Splash","shop":"fashion"}},{"type":"Feature","geometry":{"type":"Point","coordinates":[55.230994,25.158105]},"properties":{"name":"Max Pro / 3M Master Distributor","shop":"car_repair"}},{"type":"Feature","geometry":{"type":"Point","coordinates":[55.233083,25.153572]},"properties":{"name":"Dynatrade Auto Service","shop":"car_repair"}},{"type":"Feature","geometry":{"type":"Point","coordinates":[55.254184,25.142167]},"properties":{"name":"ph1 market","shop":"supermarket"}},{"type":"Feature","geometry":{"type":"Point","coordinates":[55.253407,25.138821]},"properties":{"name":"West Zone Mall","shop":"supermarket"}},{"type":"Feature","geometry":{"type":"Point","coordinates":[55.250581,25.140432]},"properties":{"name":"blue market","shop":"supermarket"}},{"type":"Feature","geometry":{"type":"Point","coordinates":[55.192864,25.115582]},"properties":{"name":"Roche Bobois","shop":"furniture"}},{"type":"Feature","geometry":{"type":"Point","coordinates":[55.173762,25.112518]},"properties":{"name":"Emirates Cooperative","shop":"supermarket"}},{"type":"Feature","geometry":{"type":"Point","coordinates":[55.25133,25.158897]},"properties":{"name":"Faaz Grocery","shop":"supermarket"}},{"type":"Feature","geometry":{"type":"Point","coordinates":[55.250105,25.15776]},"properties":{"name":"Taj Al Madina","shop":"supermarket"}},{"type":"Feature","geometry":{"type":"Point","coordinates":[55.248663,25.156584]},"properties":{"name":"Sahrath Madina","shop":"supermarket"}},{"type":"Feature","geometry":{"type":"Point","coordinates":[55.245005,25.153052]},"properties":{"name":"Taj Al Madina","shop":"supermarket"}},{"type":"Feature","geometry":{"type":"Point","coordinates":[55.243741,25.152215]},"properties":{"name":"Bismi Hipermarket","shop":"supermarket"}},{"type":"Feature","geometry":{"type":"Point","coordinates":[55.24932,25.15714]},"properties":{"name":"Abaq Al Madeena","shop":"supermarket"}},{"type":"Feature","geometry":{"type":"Point","coordinates":[55.247272,25.155327]},"properties":{"name":"City Road Grocery","shop":"supermarket"}},{"type":"Feature","geometry":{"type":"Point","coordinates":[55.253694,25.172579]},"properties":{"name":"Al Qouz Sky","shop":"supermarket"}},{"type":"Feature","geometry":{"type":"Point","coordinates":[55.249365,25.159309]},"properties":{"name":"Jubilee","shop":"supermarket"}},{"type":"Feature","geometry":{"type":"Point","coordinates":[55.250609,25.159375]},"properties":{"name":"Royal Chain","shop":"supermarket"}},{"type":"Feature","geometry":{"type":"Point","coordinates":[55.247138,25.157178]},"properties":{"name":"Jubilee","shop":"supermarket"}},{"type":"Feature","geometry":{"type":"Point","coordinates":[55.245775,25.155943]},"properties":{"name":"KVK Grocery","shop":"supermarket"}},{"type":"Feature","geometry":{"type":"Point","coordinates":[55.24922,25.166727]},"properties":{"name":"\u0648\u0627\u062f\u064a \u0627\u0644\u0646\u0648\u0631","shop":"supermarket"}},{"type":"Feature","geometry":{"type":"Point","coordinates":[55.250375,25.16785]},"properties":{"name":"General trading","shop":"supermarket"}},{"type":"Feature","geometry":{"type":"Point","coordinates":[55.250778,25.168194]},"properties":{"name":"Ale Hedry Supermarket","shop":"supermarket"}},{"type":"Feature","geometry":{"type":"Point","coordinates":[55.255628,25.172507]},"properties":{"name":"Al Madina Grocery","shop":"supermarket"}},{"type":"Feature","geometry":{"type":"Point","coordinates":[55.24836,25.158387]},"properties":{"name":"\u062f\u0627\u0631 \u0627\u0644\u0645\u062f\u064a\u0646\u0629","shop":"supermarket"}},{"type":"Feature","geometry":{"type":"Point","coordinates":[55.250494,25.160187]},"properties":{"name":"Sky Star","shop":"supermarket"}},{"type":"Feature","geometry":{"type":"Point","coordinates":[55.246622,25.15672]},"properties":{"name":"Arab Al","shop":"supermarket"}},{"type":"Feature","geometry":{"type":"Point","coordinates":[55.245145,25.155383]},"properties":{"name":"Al Qouz Star","shop":"supermarket"}},{"type":"Feature","geometry":{"type":"Point","coordinates":[55.244824,25.154125]},"properties":{"name":"Le Mart","shop":"supermarket"}},{"type":"Feature","geometry":{"type":"Point","coordinates":[55.243076,25.153427]},"properties":{"name":"\u0627\u0644\u0631\u064a\u062d","shop":"supermarket"}},{"type":"Feature","geometry":{"type":"Point","coordinates":[55.242987,25.152637]},"properties":{"name":"\u0627\u0644\u0623\u0644\u0645\u0627\u0633","shop":"supermarket"}},{"type":"Feature","geometry":{"type":"Point","coordinates":[55.236249,25.130777]},"properties":{"name":"Labour Power grocery","shop":"supermarket"}},{"type":"Feature","geometry":{"type":"Point","coordinates":[55.231062,25.123923]},"properties":{"name":"Qatar Al Madina","shop":"supermarket"}},{"type":"Feature","geometry":{"type":"Point","coordinates":[55.258168,25.138564]},"properties":{"name":"Express Al Madina","shop":"supermarket"}},{"type":"Feature","geometry":{"type":"Point","coordinates":[55.253538,25.134138]},"properties":{"name":"Azhar Al Madeena","shop":"supermarket"}},{"type":"Feature","geometry":{"type":"Point","coordinates":[55.23372,25.133113]},"properties":{"name":"Grocery","shop":"supermarket"}},{"type":"Feature","geometry":{"type":"Point","coordinates":[55.252317,25.131363]},"properties":{"name":"Grocery","shop":"supermarket"}},{"type":"Feature","geometry":{"type":"Point","coordinates":[55.237059,25.131387]},"properties":{"name":"Ameen Al Madina","shop":"supermarket"}},{"type":"Feature","geometry":{"type":"Point","coordinates":[55.256042,25.134944]},"properties":{"name":"Sali Grocery","shop":"supermarket"}},{"type":"Feature","geometry":{"type":"Point","coordinates":[55.238451,25.134252]},"properties":{"name":"Green Al Madina","shop":"supermarket"}},{"type":"Feature","geometry":{"type":"Point","coordinates":[55.228,25.123314]},"properties":{"name":"Raya Al Madeena","shop":"supermarket"}},{"type":"Feature","geometry":{"type":"Point","coordinates":[55.236807,25.1233]},"properties":{"name":"Sahat Al Madina","shop":"supermarket"}},{"type":"Feature","geometry":{"type":"Point","coordinates":[55.233369,25.124511]},"properties":{"name":"mini mart","shop":"supermarket"}},{"type":"Feature","geometry":{"type":"Point","coordinates":[55.245972,25.123009]},"properties":{"name":"Abdula Grocery","shop":"supermarket"}},{"type":"Feature","geometry":{"type":"Point","coordinates":[55.247977,25.125639]},"properties":{"name":"Jubilee Supermarket","shop":"supermarket"}},{"type":"Feature","geometry":{"type":"Point","coordinates":[55.254078,25.132689]},"properties":{"name":"Kefaf Grocery","shop":"supermarket"}},{"type":"Feature","geometry":{"type":"Point","coordinates":[55.251607,25.130523]},"properties":{"name":"Total Supermarket","shop":"supermarket"}},{"type":"Feature","geometry":{"type":"Point","coordinates":[55.255259,25.134197]},"properties":{"name":"Shezan","shop":"supermarket"}},{"type":"Feature","geometry":{"type":"Point","coordinates":[55.255006,25.135274]},"properties":{"name":"Grocery","shop":"supermarket"}},{"type":"Feature","geometry":{"type":"Point","coordinates":[55.257953,25.13652]},"properties":{"name":"Tach Madina","shop":"supermarket"}},{"type":"Feature","geometry":{"type":"Point","coordinates":[55.230452,25.129034]},"properties":{"name":"Najmat Al Madina","shop":"supermarket"}},{"type":"Feature","geometry":{"type":"Point","coordinates":[55.23705,25.130277]},"properties":{"name":"Wadi Grocery","shop":"supermarket"}},{"type":"Feature","geometry":{"type":"Point","coordinates":[55.252823,25.13309]},"properties":{"name":"Ola Al Madeena","shop":"supermarket"}},{"type":"Feature","geometry":{"type":"Point","coordinates":[55.246556,25.131956]},"properties":{"name":"Nunu hypermarket","shop":"supermarket"}},{"type":"Feature","geometry":{"type":"Point","coordinates":[55.23099,25.131397]},"properties":{"name":"Happy Way","shop":"supermarket"}},{"type":"Feature","geometry":{"type":"Point","coordinates":[55.230778,25.133356]},"properties":{"name":"Al Rum Rum Grocery","shop":"supermarket"}},{"type":"Feature","geometry":{"type":"Point","coordinates":[55.233179,25.135299]},"properties":{"name":"Sultan","shop":"supermarket"}},{"type":"Feature","geometry":{"type":"Point","coordinates":[55.240169,25.134074]},"properties":{"name":"Abdula Grocery","shop":"supermarket"}},{"type":"Feature","geometry":{"type":"Point","coordinates":[55.229154,25.132498]},"properties":{"name":"Al Telal","shop":"supermarket"}},{"type":"Feature","geometry":{"type":"Point","coordinates":[55.230214,25.133847]},"properties":{"name":"Ali Mohamed","shop":"supermarket"}},{"type":"Feature","geometry":{"type":"Point","coordinates":[55.233676,25.134532]},"properties":{"name":"Shams Al Qouz","shop":"supermarket"}},{"type":"Feature","geometry":{"type":"Point","coordinates":[55.173869,25.112608]},"properties":{"name":"Miami Gents Saloon","shop":"beauty"}},{"type":"Feature","geometry":{"type":"Point","coordinates":[55.221924,25.177795]},"properties":{"name":"Kaoos Gholiam Grocery","shop":"supermarket"}},{"type":"Feature","geometry":{"type":"Point","coordinates":[55.20203,25.153392]},"properties":{"name":"Grocery","shop":"supermarket"}},{"type":"Feature","geometry":{"type":"Point","coordinates":[55.201401,25.152714]},"properties":{"name":"Bilal Abdul Grocery","shop":"supermarket"}},{"type":"Feature","geometry":{"type":"Point","coordinates":[55.208621,25.162759]},"properties":{"name":"Al Gazal Grocery","shop":"supermarket"}},{"type":"Feature","geometry":{"type":"Point","coordinates":[55.200006,25.153097]},"properties":{"name":"Al Gazal Alajabali Grocery","shop":"supermarket"}},{"type":"Feature","geometry":{"type":"Point","coordinates":[55.200201,25.150693]},"properties":{"name":"Al Basher Grocery","shop":"supermarket"}},{"type":"Feature","geometry":{"type":"Point","coordinates":[55.231206,25.188952]},"properties":{"name":"Al Nabib Grocery","shop":"supermarket"}},{"type":"Feature","geometry":{"type":"Point","coordinates":[55.270222,25.180167]},"properties":{"name":"Supermash","shop":"supermarket"}},{"type":"Feature","geometry":{"type":"Point","coordinates":[55.266698,25.178031]},"properties":{"name":"Barsha Hills Mini Mart","shop":"supermarket"}},{"type":"Feature","geometry":{"type":"Point","coordinates":[55.264478,25.183982]},"properties":{"name":"Deli Plus Mini Mart","shop":"supermarket"}},{"type":"Feature","geometry":{"type":"Point","coordinates":[55.265938,25.195095]},"properties":{"name":"Foodland Supermarket","shop":"supermarket"}},{"type":"Feature","geometry":{"type":"Point","coordinates":[55.19478,25.11567]},"properties":{"name":"Pine Cone Grocery","shop":"supermarket"}},{"type":"Feature","geometry":{"type":"Point","coordinates":[55.203512,25.114224]},"properties":{"name":"Carryfood Mini Mart","shop":"supermarket"}},{"type":"Feature","geometry":{"type":"Point","coordinates":[55.202964,25.11568]},"properties":{"name":"Blueberry Minimart","shop":"supermarket"}},{"type":"Feature","geometry":{"type":"Point","coordinates":[55.202717,25.115149]},"properties":{"name":"Happy Sky Grocery","shop":"supermarket"}},{"type":"Feature","geometry":{"type":"Point","coordinates":[55.204877,25.113867]},"properties":{"name":"Qaser Al Barsha","shop":"convenience"}},{"type":"Feature","geometry":{"type":"Point","coordinates":[55.202212,25.113398]},"properties":{"name":"Bab Al Rayan Grocery","shop":"convenience"}},{"type":"Feature","geometry":{"type":"Point","coordinates":[55.197344,25.116238]},"properties":{"name":"Sun N Moon Supermarket","shop":"supermarket"}},{"type":"Feature","geometry":{"type":"Point","coordinates":[55.192622,25.114878]},"properties":{"name":"Shabab Al Barsha Grocery","shop":"supermarket"}},{"type":"Feature","geometry":{"type":"Point","coordinates":[55.195118,25.114682]},"properties":{"name":"Qaser Al Madeena Grocery","shop":"supermarket"}},{"type":"Feature","geometry":{"type":"Point","coordinates":[55.202083,25.112388]},"properties":{"name":"Al Afnan Grocery","shop":"supermarket"}},{"type":"Feature","geometry":{"type":"Point","coordinates":[55.206322,25.112459]},"properties":{"name":"Helal Al Barsha Grocery","shop":"supermarket"}},{"type":"Feature","geometry":{"type":"Point","coordinates":[55.20516,25.112373]},"properties":{"name":"Noor Al Madina Supermarket","shop":"supermarket"}},{"type":"Feature","geometry":{"type":"Point","coordinates":[55.194968,25.114277]},"properties":{"name":"Al Rayan Supermarket","shop":"supermarket"}},{"type":"Feature","geometry":{"type":"Point","coordinates":[55.191389,25.113137]},"properties":{"name":"Al Rayan Supermarket","shop":"supermarket"}},{"type":"Feature","geometry":{"type":"Point","coordinates":[55.194392,25.113539]},"properties":{"name":"Al Rasafa Grocery","shop":"supermarket"}},{"type":"Feature","geometry":{"type":"Point","coordinates":[55.189918,25.112422]},"properties":{"name":"Madenat Al Khair Grocery","shop":"supermarket"}},{"type":"Feature","geometry":{"type":"Point","coordinates":[55.201735,25.111538]},"properties":{"name":"\u0643\u0627\u0631\u0641\u0648\u0631 \u0633\u064a\u062a\u0649","shop":"supermarket"}},{"type":"Feature","geometry":{"type":"Point","coordinates":[55.205018,25.115608]},"properties":{"name":"The King Barber House","shop":"hairdresser"}},{"type":"Feature","geometry":{"type":"Point","coordinates":[55.226628,25.150174]},"properties":{"name":"Massar work shop Al Qouz","shop":"car_repair"}},{"type":"Feature","geometry":{"type":"Point","coordinates":[55.222001,25.12446]},"properties":{"name":"Horse Power","shop":"car_parts"}},{"type":"Feature","geometry":{"type":"Point","coordinates":[55.233457,25.144574]},"properties":{"name":"Al Dobowi Hankook Tyres And Batteries","shop":"tyres"}},{"type":"Feature","geometry":{"type":"Point","coordinates":[55.18918,25.113087]},"properties":{"name":"Noor Al Rasafa","shop":"convenience"}},{"type":"Feature","geometry":{"type":"Point","coordinates":[55.207221,25.137512]},"properties":{"name":"Waitrose","shop":"supermarket"}},{"type":"Feature","geometry":{"type":"Point","coordinates":[55.219084,25.176344]},"properties":{"name":"Jumerah hamood","shop":"beverages"}},{"type":"Feature","geometry":{"type":"Point","coordinates":[55.245171,25.195114]},"properties":{"name":"Crochet Flowers","shop":"florist"}},{"type":"Feature","geometry":{"type":"Point","coordinates":[55.207246,25.118663]},"properties":{"name":"Leak Dtech Dubai","shop":"yes"}},{"type":"Feature","geometry":{"type":"Point","coordinates":[55.245034,25.194963]},"properties":{"name":"nailstation","shop":"beauty"}},{"type":"Feature","geometry":{"type":"Point","coordinates":[55.201528,25.11926]},"properties":{"name":"Carrefour","shop":"supermarket"}},{"type":"Feature","geometry":{"type":"Point","coordinates":[55.234152,25.131266]},"properties":{"name":"Frost Dubai Refrigerated Truck Rental","shop":"yes"}},{"type":"Feature","geometry":{"type":"Point","coordinates":[55.24629,25.131663]},"properties":{"name":"Liwa Automobile Services LLC","shop":"car"}},{"type":"Feature","geometry":{"type":"Point","coordinates":[55.237206,25.131411]},"properties":{"name":"Ameen Al Madina Supermarket","shop":"supermarket"}},{"type":"Feature","geometry":{"type":"Point","coordinates":[55.240552,25.161733]},"properties":{"shop":"pet"}},{"type":"Feature","geometry":{"type":"Point","coordinates":[55.196094,25.137967]},"properties":{"name":"Bilal. V/40 bft","shop":"beverages"}},{"type":"Feature","geometry":{"type":"Point","coordinates":[55.23981,25.127845]},"properties":{"name":"Church","shop":"confectionery"}},{"type":"Feature","geometry":{"type":"Point","coordinates":[55.201001,25.1189]},"properties":{"name":"Apple Store","shop":"electronics"}},{"type":"Feature","geometry":{"type":"Point","coordinates":[55.228952,25.116477]},"properties":{"name":"We care printing/ copy shop","shop":"copyshop"}},{"type":"Feature","geometry":{"type":"Point","coordinates":[55.226425,25.111918]},"properties":{"name":"Hili Coffee Warehouse","shop":"coffee"}},{"type":"Feature","geometry":{"type":"Point","coordinates":[55.212865,25.124476]},"properties":{"name":"Audi Service Centre","shop":"car_repair"}},{"type":"Feature","geometry":{"type":"Point","coordinates":[55.21879,25.126026]},"properties":{"name":"Al Yousuf Industrial LLC","shop":"motorcycle"}},{"type":"Feature","geometry":{"type":"Point","coordinates":[55.23494,25.145803]},"properties":{"name":"Al Zahi Decor","shop":"furniture"}},{"type":"Feature","geometry":{"type":"Point","coordinates":[55.245444,25.173268]},"properties":{"name":"TGS garage","shop":"car_repair"}},{"type":"Feature","geometry":{"type":"Point","coordinates":[55.245565,25.149563]},"properties":{"name":"Vancost","shop":"clothes"}},{"type":"Feature","geometry":{"type":"Point","coordinates":[55.245927,25.149142]},"properties":{"name":"GRAND hyper","shop":"mall"}},{"type":"Feature","geometry":{"type":"Point","coordinates":[55.250743,25.174209]},"properties":{"name":"LuLu Express","shop":"supermarket"}},{"type":"Feature","geometry":{"type":"Point","coordinates":[55.25052,25.174077]},"properties":{"name":"Ladies","shop":"hairdresser"}},{"type":"Feature","geometry":{"type":"Point","coordinates":[55.250622,25.17401]},"properties":{"shop":"hairdresser"}},{"type":"Feature","geometry":{"type":"Point","coordinates":[55.226131,25.154548]},"properties":{"name":"Ethihad Travel Mall","shop":"travel_agency"}},{"type":"Feature","geometry":{"type":"Point","coordinates":[55.221638,25.123913]},"properties":{"name":"Speedcars","shop":"car_repair"}},{"type":"Feature","geometry":{"type":"Point","coordinates":[55.247454,25.176202]},"properties":{"name":"KTM motorbike","shop":"motorcycle"}},{"type":"Feature","geometry":{"type":"Point","coordinates":[55.226029,25.154167]},"properties":{"name":"O.K","shop":"furniture"}},{"type":"Feature","geometry":{"type":"Point","coordinates":[55.224052,25.151736]},"properties":{"name":"Gautier","shop":"furniture"}},{"type":"Feature","geometry":{"type":"Point","coordinates":[55.224361,25.151889]},"properties":{"name":"BoConcept","shop":"furniture"}},{"type":"Feature","geometry":{"type":"Point","coordinates":[55.224736,25.152299]},"properties":{"name":"Al Ain Class Motors","shop":"car"}},{"type":"Feature","geometry":{"type":"Point","coordinates":[55.224278,25.151825]},"properties":{"name":"Eurocoffee Lavazza","shop":"coffee"}},{"type":"Feature","geometry":{"type":"Point","coordinates":[55.225081,25.152762]},"properties":{"name":"Arabian Automobiles Co. - Infiniti Dubai","shop":"car"}},{"type":"Feature","geometry":{"type":"Point","coordinates":[55.214131,25.132038]},"properties":{"name":"Hyundai","shop":"car"}},{"type":"Feature","geometry":{"type":"Point","coordinates":[55.241243,25.169482]},"properties":{"name":"Emax","shop":"electronics"}},{"type":"Feature","geometry":{"type":"Point","coordinates":[55.220376,25.139371]},"properties":{"name":"Sharaf DG","shop":"electronics"}},{"type":"Feature","geometry":{"type":"Point","coordinates":[55.203387,25.11449]},"properties":{"shop":"convenience"}},{"type":"Feature","geometry":{"type":"Point","coordinates":[55.220592,25.139639]},"properties":{"name":"\u0627\u0644\u0645\u062f\u064a\u0646\u0629","shop":"supermarket"}},{"type":"Feature","geometry":{"type":"Point","coordinates":[55.207968,25.124301]},"properties":{"name":"Sun City Motors Showroom","shop":"car"}},{"type":"Feature","geometry":{"type":"Point","coordinates":[55.191156,25.111895]},"properties":{"name":"Al Maya","shop":"supermarket"}},{"type":"Feature","geometry":{"type":"Point","coordinates":[55.223328,25.12314]},"properties":{"name":"Al Madina Hypermarket","shop":"supermarket"}},{"type":"Feature","geometry":{"type":"Point","coordinates":[55.218612,25.138646]},"properties":{"name":"Gac Mer-Benz Sshowroom SZR","shop":"car"}},{"type":"Feature","geometry":{"type":"Point","coordinates":[55.24176,25.169867]},"properties":{"name":"Babyshop","shop":"clothes"}},{"type":"Feature","geometry":{"type":"Point","coordinates":[55.241245,25.16925]},"properties":{"name":"Sun & Sands Sports","shop":"sports"}},{"type":"Feature","geometry":{"type":"Point","coordinates":[55.241427,25.169252]},"properties":{"name":"Shoe Express","shop":"shoes"}},{"type":"Feature","geometry":{"type":"Point","coordinates":[55.242044,25.169714]},"properties":{"name":"Steve Madden","shop":"shoes"}},{"type":"Feature","geometry":{"type":"Point","coordinates":[55.242119,25.169631]},"properties":{"name":"Max","shop":"clothes"}},{"type":"Feature","geometry":{"type":"Point","coordinates":[55.219921,25.140074]},"properties":{"name":"Toys R Us","shop":"toys"}},{"type":"Feature","geometry":{"type":"Point","coordinates":[55.216871,25.136391]},"properties":{"name":"Al Rostamani Suzuki","shop":"car"}},{"type":"Feature","geometry":{"type":"Point","coordinates":[55.195554,25.115362]},"properties":{"name":"Galina's beauty salon","shop":"beauty"}},{"type":"Feature","geometry":{"type":"Point","coordinates":[55.20828,25.12043]},"properties":{"name":"\u0627\u062f\u0648\u0627\u062a \u0645\u0637\u0628\u062e","shop":"supermarket"}},{"type":"Feature","geometry":{"type":"Point","coordinates":[55.234589,25.148155]},"properties":{"name":"Scientechnic Al Quoz Warehouse","shop":"hardware"}},{"type":"Feature","geometry":{"type":"Point","coordinates":[55.227196,25.121929]},"properties":{"name":"SugarMoo Desserts LLC","shop":"bakery"}},{"type":"Feature","geometry":{"type":"Point","coordinates":[55.204518,25.116316]},"properties":{"name":"SugarMoo Desserts","shop":"bakery"}},{"type":"Feature","geometry":{"type":"Point","coordinates":[55.23249,25.113648]},"properties":{"name":"Al Quoz Garage","shop":"car_parts"}},{"type":"Feature","geometry":{"type":"Point","coordinates":[55.250091,25.159439]},"properties":{"name":"Gift City","shop":"department_store"}},{"type":"Feature","geometry":{"type":"Point","coordinates":[55.235175,25.127557]},"properties":{"name":"Azhar Al Madina","shop":"supermarket"}},{"type":"Feature","geometry":{"type":"Point","coordinates":[55.249195,25.156291]},"properties":{"name":"Abdulla Kutait Grocery","shop":"convenience"}},{"type":"Feature","geometry":{"type":"Point","coordinates":[55.247783,25.156983]},"properties":{"name":"Azco Grocery","shop":"convenience"}},{"type":"Feature","geometry":{"type":"Point","coordinates":[55.247406,25.156632]},"properties":{"name":"MOHAMMAD SHAHEDUL ISLAM GEN.TRADING","shop":"convenience"}},{"type":"Feature","geometry":{"type":"Point","coordinates":[55.236235,25.126899]},"properties":{"name":"Azhr Al Madina","shop":"supermarket"}},{"type":"Feature","geometry":{"type":"Point","coordinates":[55.233615,25.150002]},"properties":{"name":"Hyundai Al Quoz Service Center","shop":"car_repair"}},{"type":"Feature","geometry":{"type":"Point","coordinates":[55.20212,25.1138]},"properties":{"name":"Beauty Me Ladies Saloon","shop":"beauty"}},{"type":"Feature","geometry":{"type":"Point","coordinates":[55.260474,25.18679]},"properties":{"name":"zoom","shop":"supermarket"}},{"type":"Feature","geometry":{"type":"Point","coordinates":[55.209684,25.127558]},"properties":{"name":"Alfa Romeo","shop":"car"}},{"type":"Feature","geometry":{"type":"Point","coordinates":[55.213842,25.131608]},"properties":{"name":"Casanova","shop":"furniture"}},{"type":"Feature","geometry":{"type":"Point","coordinates":[55.23118,25.131018]},"properties":{"name":"\u0634\u0627\u0631\u0639 26","shop":"outdoor"}},{"type":"Feature","geometry":{"type":"Point","coordinates":[55.231273,25.131068]},"properties":{"name":"\u0634\u0627\u0631\u0639 26","shop":"outdoor"}},{"type":"Feature","geometry":{"type":"Point","coordinates":[55.231277,25.13094]},"properties":{"name":"\u0634\u0627\u0631\u0639 26","shop":"outdoor"}},{"type":"Feature","geometry":{"type":"Point","coordinates":[55.253423,25.172952]},"properties":{"name":"\u0628\u064a\u062a \u0637\u0631\u064a\u0641\u0629 \u0627\u0644\u062d\u0644\u0627\u0645\u064a \u0627\u0628\u0648\u0638\u0628\u064a","shop":"bookmaker"}},{"type":"Feature","geometry":{"type":"Point","coordinates":[55.189992,25.113713]},"properties":{"name":"7-Eleven","shop":"convenience"}},{"type":"Feature","geometry":{"type":"Point","coordinates":[55.230824,25.174557]},"properties":{"name":"advance pet clinic","shop":"pet"}},{"type":"Feature","geometry":{"type":"Point","coordinates":[55.238552,25.125529]},"properties":{"name":"Jotun","shop":"paint"}},{"type":"Feature","geometry":{"type":"Point","coordinates":[55.239687,25.124854]},"properties":{"name":"National Paints","shop":"paint"}},{"type":"Feature","geometry":{"type":"Point","coordinates":[55.231887,25.190798]},"properties":{"name":"The Makover House","shop":"beauty"}},{"type":"Feature","geometry":{"type":"Point","coordinates":[55.231166,25.189836]},"properties":{"name":"BoConcept","shop":"furniture"}},{"type":"Feature","geometry":{"type":"Point","coordinates":[55.230764,25.189254]},"properties":{"name":"The Cake Bar","shop":"pastry"}},{"type":"Feature","geometry":{"type":"Point","coordinates":[55.225442,25.182562]},"properties":{"name":"Dermatology & Laser Clinic","shop":"beauty"}},{"type":"Feature","geometry":{"type":"Point","coordinates":[55.224481,25.181216]},"properties":{"name":"Derma Zone","shop":"beauty"}},{"type":"Feature","geometry":{"type":"Point","coordinates":[55.222439,25.178466]},"properties":{"name":"Raoyal Fashion","shop":"clothes"}},{"type":"Feature","geometry":{"type":"Point","coordinates":[55.22241,25.178421]},"properties":{"name":"Power Magic Nutrition","shop":"nutrition_supplements"}},{"type":"Feature","geometry":{"type":"Point","coordinates":[55.222112,25.178041]},"properties":{"name":"Fix Salon","shop":"hairdresser"}},{"type":"Feature","geometry":{"type":"Point","coordinates":[55.216623,25.171027]},"properties":{"name":"Karak & Rigag","shop":"yes"}},{"type":"Feature","geometry":{"type":"Point","coordinates":[55.215133,25.169252]},"properties":{"name":"Racho Salon","shop":"hairdresser"}},{"type":"Feature","geometry":{"type":"Point","coordinates":[55.240775,25.132637]},"properties":{"name":"Shaklan 3 Supermarket","shop":"supermarket"}},{"type":"Feature","geometry":{"type":"Point","coordinates":[55.241855,25.132791]},"properties":{"name":"Bab Al Madeena Grocery","shop":"supermarket"}},{"type":"Feature","geometry":{"type":"Point","coordinates":[55.206314,25.158493]},"properties":{"name":"Mister Baker","shop":"pastry"}},{"type":"Feature","geometry":{"type":"Point","coordinates":[55.205883,25.158185]},"properties":{"name":"Blow Out","shop":"beauty"}},{"type":"Feature","geometry":{"type":"Point","coordinates":[55.205961,25.15806]},"properties":{"name":"Slice","shop":"yes"}},{"type":"Feature","geometry":{"type":"Point","coordinates":[55.20579,25.157865]},"properties":{"name":"Karji","shop":"jewelry"}},{"type":"Feature","geometry":{"type":"Point","coordinates":[55.242934,25.132148]},"properties":{"name":"Fit Out","shop":"interior_decoration"}},{"type":"Feature","geometry":{"type":"Point","coordinates":[55.238627,25.135229]},"properties":{"name":"Silver City Bakery","shop":"bakery"}},{"type":"Feature","geometry":{"type":"Point","coordinates":[55.238588,25.135174]},"properties":{"name":"Al Fahad Studio","shop":"yes"}},{"type":"Feature","geometry":{"type":"Point","coordinates":[55.202154,25.153683]},"properties":{"name":"Fereshtagan Grocery","shop":"convenience"}},{"type":"Feature","geometry":{"type":"Point","coordinates":[55.202134,25.153655]},"properties":{"name":"High Tex Furniture","shop":"furniture"}},{"type":"Feature","geometry":{"type":"Point","coordinates":[55.202114,25.15363]},"properties":{"name":"Beach Road Gents Salon","shop":"hairdresser"}},{"type":"Feature","geometry":{"type":"Point","coordinates":[55.199752,25.15091]},"properties":{"name":"Al Sham Village","shop":"yes"}},{"type":"Feature","geometry":{"type":"Point","coordinates":[55.198366,25.149235]},"properties":{"name":"Therawplace","shop":"yes"}},{"type":"Feature","geometry":{"type":"Point","coordinates":[55.1976,25.148345]},"properties":{"name":"Tounsi","shop":"yes"}},{"type":"Feature","geometry":{"type":"Point","coordinates":[55.193751,25.143898]},"properties":{"name":"Obegi Home","shop":"interior_decoration"}},{"type":"Feature","geometry":{"type":"Point","coordinates":[55.235898,25.132843]},"properties":{"name":"Cute & Amaze Gents Saloon","shop":"hairdresser"}},{"type":"Feature","geometry":{"type":"Point","coordinates":[55.242232,25.138142]},"properties":{"name":"National Paints","shop":"paint"}},{"type":"Feature","geometry":{"type":"Point","coordinates":[55.242022,25.141225]},"properties":{"name":"Jotun","shop":"paint"}},{"type":"Feature","geometry":{"type":"Point","coordinates":[55.233421,25.154038]},"properties":{"name":"Tyre Healers","shop":"tyres"}},{"type":"Feature","geometry":{"type":"Point","coordinates":[55.22999,25.157032]},"properties":{"name":"\u064a\u0627\u0645\u0627\u0647\u0627","shop":"car"}},{"type":"Feature","geometry":{"type":"Point","coordinates":[55.231697,25.159682]},"properties":{"name":"Casa Nova","shop":"furniture"}},{"type":"Feature","geometry":{"type":"Point","coordinates":[55.231761,25.159758]},"properties":{"name":"Restonic Trading","shop":"yes"}},{"type":"Feature","geometry":{"type":"Point","coordinates":[55.231843,25.159854]},"properties":{"name":"Silk Furniture","shop":"furniture"}},{"type":"Feature","geometry":{"type":"Point","coordinates":[55.231907,25.159935]},"properties":{"name":"Feshwari","shop":"furniture"}},{"type":"Feature","geometry":{"type":"Point","coordinates":[55.231996,25.160046]},"properties":{"name":"Metallic Equipment","shop":"yes"}},{"type":"Feature","geometry":{"type":"Point","coordinates":[55.232208,25.160297]},"properties":{"name":"Mostafawi Carpets","shop":"carpet"}},{"type":"Feature","geometry":{"type":"Point","coordinates":[55.232289,25.160408]},"properties":{"name":"Ideal Standard Design Bathroom Centre","shop":"bathroom_furnishing"}},{"type":"Feature","geometry":{"type":"Point","coordinates":[55.234064,25.162241]},"properties":{"name":"King Koil","shop":"bed"}},{"type":"Feature","geometry":{"type":"Point","coordinates":[55.234126,25.162306]},"properties":{"name":"Sealy Mattress","shop":"bed"}},{"type":"Feature","geometry":{"type":"Point","coordinates":[55.234203,25.162387]},"properties":{"name":"Caspaiou","shop":"interior_decoration"}},{"type":"Feature","geometry":{"type":"Point","coordinates":[55.234416,25.162609]},"properties":{"name":"Sedar","shop":"window_blind"}},{"type":"Feature","geometry":{"type":"Point","coordinates":[55.23636,25.164747]},"properties":{"name":"Norgren","shop":"mobile_phone"}},{"type":"Feature","geometry":{"type":"Point","coordinates":[55.236404,25.164823]},"properties":{"name":"Comp Air","shop":"hardware"}},{"type":"Feature","geometry":{"type":"Point","coordinates":[55.237118,25.165535]},"properties":{"name":"Harley Davidson of U.A.E","shop":"motorcycle"}},{"type":"Feature","geometry":{"type":"Point","coordinates":[55.237295,25.165701]},"properties":{"name":"Tactical Trading","shop":"weapons"}},{"type":"Feature","geometry":{"type":"Point","coordinates":[55.23782,25.166362]},"properties":{"name":"Bo Yue","shop":"car"}},{"type":"Feature","geometry":{"type":"Point","coordinates":[55.237983,25.166589]},"properties":{"name":"Selva","shop":"furniture"}},{"type":"Feature","geometry":{"type":"Point","coordinates":[55.238123,25.166649]},"properties":{"name":"Darwazeh","shop":"furniture"}},{"type":"Feature","geometry":{"type":"Point","coordinates":[55.23856,25.167145]},"properties":{"name":"Western Furniture","shop":"furniture"}},{"type":"Feature","geometry":{"type":"Point","coordinates":[55.239951,25.168649]},"properties":{"name":"United Furniture","shop":"furniture"}},{"type":"Feature","geometry":{"type":"Point","coordinates":[55.242048,25.17057]},"properties":{"name":"Auto Deals","shop":"car"}},{"type":"Feature","geometry":{"type":"Point","coordinates":[55.241962,25.170843]},"properties":{"name":"Princess Cars","shop":"car"}},{"type":"Feature","geometry":{"type":"Point","coordinates":[55.22019,25.121521]},"properties":{"name":"Jotun","shop":"paint"}},{"type":"Feature","geometry":{"type":"Point","coordinates":[55.22112,25.123332]},"properties":{"name":"Futurtek","shop":"yes"}},{"type":"Feature","geometry":{"type":"Point","coordinates":[55.221685,25.123304]},"properties":{"name":"AL Qouz Mall","shop":"mall"}},{"type":"Feature","geometry":{"type":"Point","coordinates":[55.226406,25.114358]},"properties":{"name":"National Paints","shop":"paint"}},{"type":"Feature","geometry":{"type":"Point","coordinates":[55.226307,25.115311]},"properties":{"name":"Cummins Sales and Services","shop":"car"}},{"type":"Feature","geometry":{"type":"Point","coordinates":[55.232711,25.114629]},"properties":{"name":"Kagalwala Trading","shop":"yes"}},{"type":"Feature","geometry":{"type":"Point","coordinates":[55.221972,25.124578]},"properties":{"name":"Deutsches Auto Service Centre","shop":"car_repair"}},{"type":"Feature","geometry":{"type":"Point","coordinates":[55.232418,25.190552]},"properties":{"name":"Telal","shop":"yes"}},{"type":"Feature","geometry":{"type":"Point","coordinates":[55.231129,25.188863]},"properties":{"name":"Chocolate Palace","shop":"chocolate"}},{"type":"Feature","geometry":{"type":"Point","coordinates":[55.222082,25.17701]},"properties":{"name":"Villa 515","shop":"yes"}},{"type":"Feature","geometry":{"type":"Point","coordinates":[55.220483,25.175103]},"properties":{"name":"Al Fahim Interiors","shop":"interior_decoration"}},{"type":"Feature","geometry":{"type":"Point","coordinates":[55.218963,25.172888]},"properties":{"name":"Positive Shine","shop":"yes"}},{"type":"Feature","geometry":{"type":"Point","coordinates":[55.219045,25.172993]},"properties":{"name":"GNC","shop":"nutrition_supplements"}},{"type":"Feature","geometry":{"type":"Point","coordinates":[55.217483,25.171282]},"properties":{"name":"Sindyan Events Organizing","shop":"party"}},{"type":"Feature","geometry":{"type":"Point","coordinates":[55.217394,25.17115]},"properties":{"name":"Bostani","shop":"chocolate"}},{"type":"Feature","geometry":{"type":"Point","coordinates":[55.217149,25.170881]},"properties":{"name":"Mashreq","shop":"yes"}},{"type":"Feature","geometry":{"type":"Point","coordinates":[55.238835,25.125383]},"properties":{"name":"Sulaman","shop":"hardware"}},{"type":"Feature","geometry":{"type":"Point","coordinates":[55.242796,25.122638]},"properties":{"name":"Auto Benz Mechanical Repairs","shop":"yes"}},{"type":"Feature","geometry":{"type":"Point","coordinates":[55.2146,25.167695]},"properties":{"name":"Al Musheer","shop":"yes"}},{"type":"Feature","geometry":{"type":"Point","coordinates":[55.214518,25.167533]},"properties":{"name":"Fashion Designing","shop":"yes"}},{"type":"Feature","geometry":{"type":"Point","coordinates":[55.214492,25.167502]},"properties":{"name":"Sona","shop":"yes"}},{"type":"Feature","geometry":{"type":"Point","coordinates":[55.214461,25.167473]},"properties":{"name":"Zana Gents Salon","shop":"hairdresser"}},{"type":"Feature","geometry":{"type":"Point","coordinates":[55.211731,25.163919]},"properties":{"name":"Madfoon Al Sadda","shop":"yes"}},{"type":"Feature","geometry":{"type":"Point","coordinates":[55.21036,25.162495]},"properties":{"name":"Chloe's","shop":"beauty"}},{"type":"Feature","geometry":{"type":"Point","coordinates":[55.210322,25.162395]},"properties":{"name":"Etisalat","shop":"yes"}},{"type":"Feature","geometry":{"type":"Point","coordinates":[55.209127,25.160997]},"properties":{"name":"Emirates","shop":"yes"}},{"type":"Feature","geometry":{"type":"Point","coordinates":[55.209093,25.160954]},"properties":{"name":"Flynas","shop":"yes"}},{"type":"Feature","geometry":{"type":"Point","coordinates":[55.203359,25.154328]},"properties":{"name":"Blends","shop":"yes"}},{"type":"Feature","geometry":{"type":"Point","coordinates":[55.250664,25.130382]},"properties":{"name":"Al Ramah Bakery","shop":"bakery"}},{"type":"Feature","geometry":{"type":"Point","coordinates":[55.200676,25.151258]},"properties":{"name":"Le Chocola","shop":"yes"}},{"type":"Feature","geometry":{"type":"Point","coordinates":[55.197939,25.147903]},"properties":{"name":"De La Mar","shop":"yes"}},{"type":"Feature","geometry":{"type":"Point","coordinates":[55.195586,25.145181]},"properties":{"name":"Bake Mart","shop":"bakery"}},{"type":"Feature","geometry":{"type":"Point","coordinates":[55.190254,25.13889]},"properties":{"name":"Kaftan","shop":"yes"}},{"type":"Feature","geometry":{"type":"Point","coordinates":[55.253579,25.132767]},"properties":{"shop":"greengrocer"}},{"type":"Feature","geometry":{"type":"Point","coordinates":[55.24412,25.129205]},"properties":{"name":"AutoTrust","shop":"car_repair"}},{"type":"Feature","geometry":{"type":"Point","coordinates":[55.2406,25.132331]},"properties":{"name":"Technofin Tyres","shop":"tyres"}},{"type":"Feature","geometry":{"type":"Point","coordinates":[55.241493,25.132549]},"properties":{"name":"AL Aweer Tower Auto Garage","shop":"storage_rental"}},{"type":"Feature","geometry":{"type":"Point","coordinates":[55.235963,25.132981]},"properties":{"name":"Naseem Al Madena Grocery","shop":"supermarket"}},{"type":"Feature","geometry":{"type":"Point","coordinates":[55.235611,25.132462]},"properties":{"name":"Alajyal Alqadmah Bakery","shop":"bakery"}},{"type":"Feature","geometry":{"type":"Point","coordinates":[55.206263,25.111482]},"properties":{"name":"Haji Ali Juice Centre","shop":"yes"}},{"type":"Feature","geometry":{"type":"Point","coordinates":[55.206435,25.112378]},"properties":{"name":"Max","shop":"yes"}},{"type":"Feature","geometry":{"type":"Point","coordinates":[55.206369,25.11242]},"properties":{"name":"Speed Time Laundry","shop":"laundry"}},{"type":"Feature","geometry":{"type":"Point","coordinates":[55.206269,25.1125]},"properties":{"name":"Telefono","shop":"mobile_phone"}},{"type":"Feature","geometry":{"type":"Point","coordinates":[55.206194,25.112562]},"properties":{"name":"Al Dar Roastery","shop":"florist"}},{"type":"Feature","geometry":{"type":"Point","coordinates":[55.205611,25.113161]},"properties":{"name":"Xpress Gents Salon","shop":"hairdresser"}},{"type":"Feature","geometry":{"type":"Point","coordinates":[55.205393,25.113394]},"properties":{"name":"West Zone Supermarket","shop":"supermarket"}},{"type":"Feature","geometry":{"type":"Point","coordinates":[55.20535,25.113438]},"properties":{"name":"Petzone","shop":"pet"}},{"type":"Feature","geometry":{"type":"Point","coordinates":[55.244283,25.136912]},"properties":{"name":"Ritver Paints & Coatings","shop":"paint"}},{"type":"Feature","geometry":{"type":"Point","coordinates":[55.247315,25.134532]},"properties":{"name":"Sunflower Supermarket","shop":"supermarket"}},{"type":"Feature","geometry":{"type":"Point","coordinates":[55.24848,25.13528]},"properties":{"name":"Ahmed Juma Aluminium & Glass","shop":"yes"}},{"type":"Feature","geometry":{"type":"Point","coordinates":[55.245649,25.139452]},"properties":{"name":"Ummsaqem Automobile Workshop","shop":"car_repair"}},{"type":"Feature","geometry":{"type":"Point","coordinates":[55.243947,25.140577]},"properties":{"name":"Al Wadi Industries","shop":"yes"}},{"type":"Feature","geometry":{"type":"Point","coordinates":[55.24265,25.137852]},"properties":{"name":"Best Choice Testing Services","shop":"yes"}},{"type":"Feature","geometry":{"type":"Point","coordinates":[55.240958,25.138953]},"properties":{"name":"Trans Point Building Materials","shop":"yes"}},{"type":"Feature","geometry":{"type":"Point","coordinates":[55.240722,25.139581]},"properties":{"name":"Al Khajah Medical Supplies","shop":"medical_supply"}},{"type":"Feature","geometry":{"type":"Point","coordinates":[55.240895,25.139839]},"properties":{"name":"Al Yasin","shop":"yes"}},{"type":"Feature","geometry":{"type":"Point","coordinates":[55.242504,25.141858]},"properties":{"name":"Bekon Batteries","shop":"radiotechnics"}},{"type":"Feature","geometry":{"type":"Point","coordinates":[55.246638,25.148732]},"properties":{"name":"Emirates Affordables","shop":"fashion"}},{"type":"Feature","geometry":{"type":"Point","coordinates":[55.230161,25.157569]},"properties":{"name":"Kirloskar","shop":"car"}},{"type":"Feature","geometry":{"type":"Point","coordinates":[55.230218,25.157668]},"properties":{"name":"Still","shop":"yes"}},{"type":"Feature","geometry":{"type":"Point","coordinates":[55.230405,25.15791]},"properties":{"name":"Manitiou","shop":"yes"}},{"type":"Feature","geometry":{"type":"Point","coordinates":[55.230569,25.158056]},"properties":{"name":"Comtel","shop":"mobile_phone"}},{"type":"Feature","geometry":{"type":"Point","coordinates":[55.230739,25.158112]},"properties":{"name":"Exotic Cars","shop":"car"}},{"type":"Feature","geometry":{"type":"Point","coordinates":[55.232512,25.160634]},"properties":{"name":"Alkhalij Enterprises","shop":"yes"}},{"type":"Feature","geometry":{"type":"Point","coordinates":[55.232809,25.160668]},"properties":{"name":"Berkeley Services","shop":"yes"}},{"type":"Feature","geometry":{"type":"Point","coordinates":[55.234701,25.162808]},"properties":{"name":"After Dark","shop":"car"}},{"type":"Feature","geometry":{"type":"Point","coordinates":[55.23521,25.162974]},"properties":{"name":"Nahart","shop":"houseware"}},{"type":"Feature","geometry":{"type":"Point","coordinates":[55.236474,25.164894]},"properties":{"name":"Aqua Marine","shop":"boat"}},{"type":"Feature","geometry":{"type":"Point","coordinates":[55.237955,25.166429]},"properties":{"name":"Paradosso7","shop":"interior_decoration"}},{"type":"Feature","geometry":{"type":"Point","coordinates":[55.238669,25.16728]},"properties":{"name":"MTM Marine","shop":"sports"}},{"type":"Feature","geometry":{"type":"Point","coordinates":[55.238857,25.16749]},"properties":{"name":"Bagnodesign","shop":"bathroom_furnishing"}},{"type":"Feature","geometry":{"type":"Point","coordinates":[55.241214,25.169563]},"properties":{"name":"Lifestyle","shop":"yes"}},{"type":"Feature","geometry":{"type":"Point","coordinates":[55.206363,25.115183]},"properties":{"name":"Salimi Furniture","shop":"furniture"}},{"type":"Feature","geometry":{"type":"Point","coordinates":[55.206503,25.115816]},"properties":{"name":"Najmat Al Barsha Furnitures","shop":"furniture"}},{"type":"Feature","geometry":{"type":"Point","coordinates":[55.206468,25.116002]},"properties":{"name":"Landy","shop":"yes"}},{"type":"Feature","geometry":{"type":"Point","coordinates":[55.206417,25.116096]},"properties":{"name":"N dust Shoe Repairs","shop":"shoes"}},{"type":"Feature","geometry":{"type":"Point","coordinates":[55.206399,25.116122]},"properties":{"name":"Nancy's Haven","shop":"yes"}},{"type":"Feature","geometry":{"type":"Point","coordinates":[55.206382,25.116147]},"properties":{"name":"Din Faisal Furniture","shop":"furniture"}},{"type":"Feature","geometry":{"type":"Point","coordinates":[55.206366,25.11617]},"properties":{"name":"Al Madina","shop":"yes"}},{"type":"Feature","geometry":{"type":"Point","coordinates":[55.206348,25.11619]},"properties":{"name":"Sana'a Kayum","shop":"yes"}},{"type":"Feature","geometry":{"type":"Point","coordinates":[55.206055,25.116332]},"properties":{"name":"7-Eleven","shop":"convenience"}},{"type":"Feature","geometry":{"type":"Point","coordinates":[55.205117,25.117042]},"properties":{"name":"Wan Jiale","shop":"supermarket"}},{"type":"Feature","geometry":{"type":"Point","coordinates":[55.205086,25.117289]},"properties":{"name":"Move In","shop":"yes"}},{"type":"Feature","geometry":{"type":"Point","coordinates":[55.204813,25.117428]},"properties":{"name":"Alolabi Gourmet","shop":"yes"}},{"type":"Feature","geometry":{"type":"Point","coordinates":[55.204891,25.117036]},"properties":{"name":"Al Barsha Business Point","shop":"yes"}},{"type":"Feature","geometry":{"type":"Point","coordinates":[55.204951,25.116955]},"properties":{"name":"Probike","shop":"bicycle"}},{"type":"Feature","geometry":{"type":"Point","coordinates":[55.205277,25.116765]},"properties":{"name":"Al Barsha Mobile Phones","shop":"mobile_phone"}},{"type":"Feature","geometry":{"type":"Point","coordinates":[55.205842,25.116339]},"properties":{"name":"Leaders Gents Saloon","shop":"hairdresser"}},{"type":"Feature","geometry":{"type":"Point","coordinates":[55.205951,25.116246]},"properties":{"name":"Perfect Choice","shop":"laundry"}},{"type":"Feature","geometry":{"type":"Point","coordinates":[55.203,25.115939]},"properties":{"name":"Saler","shop":"yes"}},{"type":"Feature","geometry":{"type":"Point","coordinates":[55.235862,25.127324]},"properties":{"name":"Azhar Al Madina","shop":"supermarket"}},{"type":"Feature","geometry":{"type":"Point","coordinates":[55.247542,25.132339]},"properties":{"name":"May Ginger Catering","shop":"yes"}},{"type":"Feature","geometry":{"type":"Point","coordinates":[55.203846,25.116999]},"properties":{"name":"Helal Albarsha Grocery","shop":"supermarket"}},{"type":"Feature","geometry":{"type":"Point","coordinates":[55.204487,25.116757]},"properties":{"name":"East Elegance Beauty Salon","shop":"beauty"}},{"type":"Feature","geometry":{"type":"Point","coordinates":[55.205688,25.115333]},"properties":{"name":"New Gents Saloon","shop":"hairdresser"}},{"type":"Feature","geometry":{"type":"Point","coordinates":[55.205598,25.11542]},"properties":{"name":"Student Biryani","shop":"bakery"}},{"type":"Feature","geometry":{"type":"Point","coordinates":[55.205439,25.115585]},"properties":{"name":"Lemoni - Ladies Saloon","shop":"hairdresser"}},{"type":"Feature","geometry":{"type":"Point","coordinates":[55.204857,25.11574]},"properties":{"name":"Pan de Cia Bakery & Cafe","shop":"bakery"}},{"type":"Feature","geometry":{"type":"Point","coordinates":[55.204646,25.11583]},"properties":{"name":"Oushe Gourmet Bakeshop","shop":"bakery"}},{"type":"Feature","geometry":{"type":"Point","coordinates":[55.204607,25.115782]},"properties":{"name":"Al Aklas Business Services","shop":"yes"}},{"type":"Feature","geometry":{"type":"Point","coordinates":[55.204563,25.115721]},"properties":{"name":"Metro","shop":"wholesale"}},{"type":"Feature","geometry":{"type":"Point","coordinates":[55.204048,25.115915]},"properties":{"name":"Posh Beauty Centre","shop":"beauty"}},{"type":"Feature","geometry":{"type":"Point","coordinates":[55.203944,25.115984]},"properties":{"name":"Tamam Gents Tailoring","shop":"tailor"}},{"type":"Feature","geometry":{"type":"Point","coordinates":[55.195809,25.11146]},"properties":{"name":"Pets Habitat","shop":"pet"}},{"type":"Feature","geometry":{"type":"Point","coordinates":[55.195704,25.111597]},"properties":{"name":"Perfect Dry Cleaning","shop":"dry_cleaning"}},{"type":"Feature","geometry":{"type":"Point","coordinates":[55.195574,25.111745]},"properties":{"name":"Metro Automatic Laundry","shop":"laundry"}},{"type":"Feature","geometry":{"type":"Point","coordinates":[55.195521,25.111806]},"properties":{"name":"Jotun","shop":"paint"}},{"type":"Feature","geometry":{"type":"Point","coordinates":[55.194242,25.113337]},"properties":{"name":"The Stylists Salon","shop":"beauty"}},{"type":"Feature","geometry":{"type":"Point","coordinates":[55.194212,25.113399]},"properties":{"name":"Pet Corner","shop":"pet"}},{"type":"Feature","geometry":{"type":"Point","coordinates":[55.194148,25.113469]},"properties":{"name":"Tetaj Hairdressing Saloon","shop":"hairdresser"}},{"type":"Feature","geometry":{"type":"Point","coordinates":[55.194083,25.113545]},"properties":{"name":"Kung Fu","shop":"beauty"}},{"type":"Feature","geometry":{"type":"Point","coordinates":[55.19239,25.114532]},"properties":{"name":"Barsha Hills Mini Mart","shop":"convenience"}},{"type":"Feature","geometry":{"type":"Point","coordinates":[55.192316,25.114623]},"properties":{"name":"Sparkle Laundry","shop":"laundry"}},{"type":"Feature","geometry":{"type":"Point","coordinates":[55.195464,25.116143]},"properties":{"name":"Rotana","shop":"yes"}},{"type":"Feature","geometry":{"type":"Point","coordinates":[55.195254,25.115996]},"properties":{"name":"Makina Technologies","shop":"electronics"}},{"type":"Feature","geometry":{"type":"Point","coordinates":[55.195184,25.115951]},"properties":{"name":"Zoom mart","shop":"supermarket"}},{"type":"Feature","geometry":{"type":"Point","coordinates":[55.19493,25.115774]},"properties":{"name":"Ambiance Beauty","shop":"beauty"}},{"type":"Feature","geometry":{"type":"Point","coordinates":[55.194855,25.115723]},"properties":{"name":"Cedar Salon Gents","shop":"hairdresser"}},{"type":"Feature","geometry":{"type":"Point","coordinates":[55.194718,25.115629]},"properties":{"name":"Open Source","shop":"yes"}},{"type":"Feature","geometry":{"type":"Point","coordinates":[55.195082,25.114529]},"properties":{"name":"Sona Ladies Saloon","shop":"hairdresser"}},{"type":"Feature","geometry":{"type":"Point","coordinates":[55.192966,25.113861]},"properties":{"name":"Snowdrop Flowers","shop":"florist"}},{"type":"Feature","geometry":{"type":"Point","coordinates":[55.192879,25.113964]},"properties":{"name":"Rauan","shop":"yes"}},{"type":"Feature","geometry":{"type":"Point","coordinates":[55.192777,25.114078]},"properties":{"name":"Foul w Hummus","shop":"yes"}},{"type":"Feature","geometry":{"type":"Point","coordinates":[55.192727,25.114126]},"properties":{"name":"Shoo Laziz","shop":"yes"}},{"type":"Feature","geometry":{"type":"Point","coordinates":[55.192679,25.114188]},"properties":{"name":"Zaina","shop":"yes"}},{"type":"Feature","geometry":{"type":"Point","coordinates":[55.192889,25.114629]},"properties":{"name":"Saloon Namaste","shop":"hairdresser"}},{"type":"Feature","geometry":{"type":"Point","coordinates":[55.192964,25.114547]},"properties":{"name":"Highlife","shop":"hairdresser"}},{"type":"Feature","geometry":{"type":"Point","coordinates":[55.193286,25.114099]},"properties":{"name":"Kaizo Beauty Saloon","shop":"beauty"}},{"type":"Feature","geometry":{"type":"Point","coordinates":[55.193388,25.114049]},"properties":{"name":"Al Madina Supermarket","shop":"supermarket"}},{"type":"Feature","geometry":{"type":"Point","coordinates":[55.251895,25.158527]},"properties":{"name":"mehran computer","shop":"computer"}},{"type":"Feature","geometry":{"type":"Point","coordinates":[55.238162,25.134204]},"properties":{"name":"Quality Hairdressing Saloon","shop":"hairdresser"}},{"type":"Feature","geometry":{"type":"Point","coordinates":[55.245206,25.133417]},"properties":{"name":"Al - Arz","shop":"bakery"}},{"type":"Feature","geometry":{"type":"Point","coordinates":[55.246271,25.133854]},"properties":{"name":"Sport One","shop":"sports"}},{"type":"Feature","geometry":{"type":"Point","coordinates":[55.245981,25.147222]},"properties":{"name":"Master Cut","shop":"tailor"}},{"type":"Feature","geometry":{"type":"Point","coordinates":[55.246146,25.147572]},"properties":{"name":"Joyalukkas","shop":"jewelry"}},{"type":"Feature","geometry":{"type":"Point","coordinates":[55.245371,25.148534]},"properties":{"name":"Jotun","shop":"paint"}},{"type":"Feature","geometry":{"type":"Point","coordinates":[55.191919,25.112485]},"properties":{"name":"Aljuma Gents Salon","shop":"hairdresser"}},{"type":"Feature","geometry":{"type":"Point","coordinates":[55.191884,25.112533]},"properties":{"name":"Just Mankosha","shop":"yes"}},{"type":"Feature","geometry":{"type":"Point","coordinates":[55.19185,25.112572]},"properties":{"name":"Dorin Sweets, Gifts & Nuts","shop":"gift"}},{"type":"Feature","geometry":{"type":"Point","coordinates":[55.191808,25.112619]},"properties":{"name":"Silver Gents Saloon","shop":"hairdresser"}},{"type":"Feature","geometry":{"type":"Point","coordinates":[55.191769,25.11267]},"properties":{"name":"Al Fedeya Laundry","shop":"laundry"}},{"type":"Feature","geometry":{"type":"Point","coordinates":[55.191695,25.112765]},"properties":{"name":"Al Barsha Star","shop":"laundry"}},{"type":"Feature","geometry":{"type":"Point","coordinates":[55.191655,25.112809]},"properties":{"name":"Seier Shades Salon","shop":"beauty"}},{"type":"Feature","geometry":{"type":"Point","coordinates":[55.191618,25.112855]},"properties":{"name":"Princes Corner Locks Reparing","shop":"locksmith"}},{"type":"Feature","geometry":{"type":"Point","coordinates":[55.191588,25.112893]},"properties":{"name":"Sauood Phones","shop":"mobile_phone"}},{"type":"Feature","geometry":{"type":"Point","coordinates":[55.191522,25.11297]},"properties":{"name":"Daffodils","shop":"florist"}},{"type":"Feature","geometry":{"type":"Point","coordinates":[55.191466,25.113042]},"properties":{"name":"Organic Natural Store","shop":"yes"}},{"type":"Feature","geometry":{"type":"Point","coordinates":[55.191442,25.113073]},"properties":{"name":"Alpardoos","shop":"hairdresser"}},{"type":"Feature","geometry":{"type":"Point","coordinates":[55.191299,25.113081]},"properties":{"name":"Qemmat Al Jabal","shop":"yes"}},{"type":"Feature","geometry":{"type":"Point","coordinates":[55.188697,25.111743]},"properties":{"name":"City Land Tailoring & Embroidery","shop":"tailor"}},{"type":"Feature","geometry":{"type":"Point","coordinates":[55.188806,25.11161]},"properties":{"name":"Carry Food","shop":"convenience"}},{"type":"Feature","geometry":{"type":"Point","coordinates":[55.203375,25.113197]},"properties":{"name":"Al Salter Salon","shop":"hairdresser"}},{"type":"Feature","geometry":{"type":"Point","coordinates":[55.203886,25.113106]},"properties":{"name":"Al Kaser Laundry","shop":"laundry"}},{"type":"Feature","geometry":{"type":"Point","coordinates":[55.203964,25.113096]},"properties":{"name":"Cut & Trim","shop":"hairdresser"}},{"type":"Feature","geometry":{"type":"Point","coordinates":[55.204651,25.112893]},"properties":{"name":"Deals","shop":"convenience"}},{"type":"Feature","geometry":{"type":"Point","coordinates":[55.205071,25.112641]},"properties":{"name":"Putcinella","shop":"yes"}},{"type":"Feature","geometry":{"type":"Point","coordinates":[55.205254,25.112495]},"properties":{"name":"Jashanmal","shop":"yes"}},{"type":"Feature","geometry":{"type":"Point","coordinates":[55.205062,25.112344]},"properties":{"name":"Koshtban","shop":"tailor"}},{"type":"Feature","geometry":{"type":"Point","coordinates":[55.205029,25.112299]},"properties":{"name":"Bright & White Laundry","shop":"laundry"}},{"type":"Feature","geometry":{"type":"Point","coordinates":[55.204994,25.112254]},"properties":{"name":"Leaders Gents Saloon","shop":"hairdresser"}},{"type":"Feature","geometry":{"type":"Point","coordinates":[55.204962,25.11221]},"properties":{"name":"Maria","shop":"beauty"}},{"type":"Feature","geometry":{"type":"Point","coordinates":[55.204927,25.112167]},"properties":{"name":"Curls Style Ladies Saloon","shop":"hairdresser"}},{"type":"Feature","geometry":{"type":"Point","coordinates":[55.204883,25.112107]},"properties":{"name":"Al Milad Gents Saloon","shop":"hairdresser"}},{"type":"Feature","geometry":{"type":"Point","coordinates":[55.204837,25.112053]},"properties":{"name":"Mona","shop":"yes"}},{"type":"Feature","geometry":{"type":"Point","coordinates":[55.204574,25.112215]},"properties":{"name":"Velvet","shop":"yes"}},{"type":"Feature","geometry":{"type":"Point","coordinates":[55.204641,25.112313]},"properties":{"name":"Alfidaa","shop":"yes"}},{"type":"Feature","geometry":{"type":"Point","coordinates":[55.204616,25.112579]},"properties":{"name":"7-Eleven","shop":"convenience"}},{"type":"Feature","geometry":{"type":"Point","coordinates":[55.20245,25.114617]},"properties":{"name":"Best Saloon","shop":"hairdresser"}},{"type":"Feature","geometry":{"type":"Point","coordinates":[55.202674,25.115066]},"properties":{"name":"Screen Touch","shop":"yes"}},{"type":"Feature","geometry":{"type":"Point","coordinates":[55.203789,25.114837]},"properties":{"name":"Before & After","shop":"hairdresser"}},{"type":"Feature","geometry":{"type":"Point","coordinates":[55.203773,25.114794]},"properties":{"name":"Mother Touch Laundry","shop":"laundry"}},{"type":"Feature","geometry":{"type":"Point","coordinates":[55.203895,25.113975]},"properties":{"name":"Britbalti","shop":"yes"}},{"type":"Feature","geometry":{"type":"Point","coordinates":[55.204066,25.113962]},"properties":{"name":"Desert Group","shop":"yes"}},{"type":"Feature","geometry":{"type":"Point","coordinates":[55.194302,25.113656]},"properties":{"name":"Al Rasafa","shop":"yes"}},{"type":"Feature","geometry":{"type":"Point","coordinates":[55.194242,25.1166]},"properties":{"name":"Al Adil Trading","shop":"trade"}},{"type":"Feature","geometry":{"type":"Point","coordinates":[55.194456,25.116777]},"properties":{"name":"Feras Aldiyafa Sweets","shop":"confectionery"}},{"type":"Feature","geometry":{"type":"Point","coordinates":[55.195096,25.116251]},"properties":{"name":"Primavers Drey Cleaning","shop":"dry_cleaning"}},{"type":"Feature","geometry":{"type":"Point","coordinates":[55.195051,25.116218]},"properties":{"name":"Happy Sky Minimart","shop":"grocery"}},{"type":"Feature","geometry":{"type":"Point","coordinates":[55.195027,25.116201]},"properties":{"name":"Mirrors Gents Saloon","shop":"hairdresser"}},{"type":"Feature","geometry":{"type":"Point","coordinates":[55.1945,25.115831]},"properties":{"name":"Retox","shop":"yes"}},{"type":"Feature","geometry":{"type":"Point","coordinates":[55.212928,25.117955]},"properties":{"name":"Jotun","shop":"paint"}},{"type":"Feature","geometry":{"type":"Point","coordinates":[55.221216,25.1115]},"properties":{"name":"MRG Racing","shop":"car"}},{"type":"Feature","geometry":{"type":"Point","coordinates":[55.194257,25.115036]},"properties":{"name":"Glitx Beauty Centre","shop":"beauty"}},{"type":"Feature","geometry":{"type":"Point","coordinates":[55.194826,25.114445]},"properties":{"name":"Jotun","shop":"paint"}},{"type":"Feature","geometry":{"type":"Point","coordinates":[55.194892,25.114365]},"properties":{"name":"Five Stars Laundry","shop":"laundry"}},{"type":"Feature","geometry":{"type":"Point","coordinates":[55.193261,25.112707]},"properties":{"name":"Arabian Escapes","shop":"yes"}},{"type":"Feature","geometry":{"type":"Point","coordinates":[55.193308,25.112652]},"properties":{"name":"Glitz","shop":"beauty"}},{"type":"Feature","geometry":{"type":"Point","coordinates":[55.19319,25.112445]},"properties":{"name":"Gents Saloon","shop":"hairdresser"}},{"type":"Feature","geometry":{"type":"Point","coordinates":[55.190756,25.112983]},"properties":{"name":"Al Karama Star","shop":"dry_cleaning"}},{"type":"Feature","geometry":{"type":"Point","coordinates":[55.190678,25.112933]},"properties":{"name":"\u0627\u0644\u062c\u0632\u064a\u0631\u0629","shop":"yes"}},{"type":"Feature","geometry":{"type":"Point","coordinates":[55.189961,25.112449]},"properties":{"name":"Al Warood","shop":"hairdresser"}},{"type":"Feature","geometry":{"type":"Point","coordinates":[55.18988,25.112397]},"properties":{"name":"Five Star Laundry","shop":"laundry"}},{"type":"Feature","geometry":{"type":"Point","coordinates":[55.201533,25.111911]},"properties":{"name":"West Zone Fresh Supermarket","shop":"supermarket"}},{"type":"Feature","geometry":{"type":"Point","coordinates":[55.201498,25.111979]},"properties":{"name":"Perfect Dry Cleaning","shop":"dry_cleaning"}},{"type":"Feature","geometry":{"type":"Point","coordinates":[55.201851,25.112999]},"properties":{"name":"Clipers","shop":"hairdresser"}},{"type":"Feature","geometry":{"type":"Point","coordinates":[55.201984,25.112991]},"properties":{"name":"Nirala","shop":"yes"}},{"type":"Feature","geometry":{"type":"Point","coordinates":[55.204806,25.112011]},"properties":{"name":"Al Ghwaifat Stationery","shop":"stationery"}},{"type":"Feature","geometry":{"type":"Point","coordinates":[55.20471,25.111847]},"properties":{"name":"Biz Mart","shop":"yes"}},{"type":"Feature","geometry":{"type":"Point","coordinates":[55.222285,25.123012]},"properties":{"name":"Century Travel","shop":"travel_agency"}},{"type":"Feature","geometry":{"type":"Point","coordinates":[55.222443,25.122905]},"properties":{"name":"London Star","shop":"yes"}},{"type":"Feature","geometry":{"type":"Point","coordinates":[55.222537,25.122848]},"properties":{"name":"Satyam","shop":"jewelry"}},{"type":"Feature","geometry":{"type":"Point","coordinates":[55.222567,25.122836]},"properties":{"name":"Gents Saloon","shop":"hairdresser"}},{"type":"Feature","geometry":{"type":"Point","coordinates":[55.222594,25.122817]},"properties":{"name":"Modern Life Studio","shop":"yes"}},{"type":"Feature","geometry":{"type":"Point","coordinates":[55.222643,25.122781]},"properties":{"name":"Fashions 4 Ever","shop":"clothes"}},{"type":"Feature","geometry":{"type":"Point","coordinates":[55.222732,25.122726]},"properties":{"name":"LuLu Exchange","shop":"yes"}},{"type":"Feature","geometry":{"type":"Point","coordinates":[55.224461,25.12135]},"properties":{"name":"Digi-Tec","shop":"yes"}},{"type":"Feature","geometry":{"type":"Point","coordinates":[55.202606,25.114164]},"properties":{"name":"Moe Therapy Centre","shop":"yes"}},{"type":"Feature","geometry":{"type":"Point","coordinates":[55.225575,25.111456]},"properties":{"name":"Empire Interior Design","shop":"interior_decoration"}},{"type":"Feature","geometry":{"type":"Point","coordinates":[55.205125,25.115067]},"properties":{"name":"West Zone Fresh Supermarket","shop":"supermarket"}},{"type":"Feature","geometry":{"type":"Point","coordinates":[55.217534,25.114581]},"properties":{"name":"Khalid Al Arab","shop":"yes"}},{"type":"Feature","geometry":{"type":"Point","coordinates":[55.217585,25.114782]},"properties":{"name":"Dal Al Dhiyafa","shop":"yes"}},{"type":"Feature","geometry":{"type":"Point","coordinates":[55.217783,25.11491]},"properties":{"name":"Focus Auto Service","shop":"car_repair"}},{"type":"Feature","geometry":{"type":"Point","coordinates":[55.218029,25.115166]},"properties":{"name":"Economical Printing Press LLC","shop":"copyshop"}},{"type":"Feature","geometry":{"type":"Point","coordinates":[55.220638,25.119781]},"properties":{"name":"Danube","shop":"building_materials"}},{"type":"Feature","geometry":{"type":"Point","coordinates":[55.229005,25.116442]},"properties":{"name":"Bin Hussain Curtains","shop":"curtain"}},{"type":"Feature","geometry":{"type":"Point","coordinates":[55.233249,25.116754]},"properties":{"name":"National Paints Next Generation tarding","shop":"yes"}},{"type":"Feature","geometry":{"type":"Point","coordinates":[55.228302,25.123286]},"properties":{"name":"Al Madeena Supermarket","shop":"supermarket"}},{"type":"Feature","geometry":{"type":"Point","coordinates":[55.235966,25.11782]},"properties":{"name":"Poonel Interiors","shop":"interior_decoration"}},{"type":"Feature","geometry":{"type":"Point","coordinates":[55.235845,25.117689]},"properties":{"name":"6ix Classic Touch","shop":"furniture"}},{"type":"Feature","geometry":{"type":"Point","coordinates":[55.235711,25.11752]},"properties":{"name":"Safe Max","shop":"yes"}},{"type":"Feature","geometry":{"type":"Point","coordinates":[55.236003,25.117182]},"properties":{"name":"TRD Auto Repairing","shop":"car_repair"}},{"type":"Feature","geometry":{"type":"Point","coordinates":[55.236249,25.117027]},"properties":{"name":"RPM Bikes","shop":"motorcycle"}},{"type":"Feature","geometry":{"type":"Point","coordinates":[55.236342,25.116958]},"properties":{"name":"Imagine Interior Deco","shop":"interior_decoration"}},{"type":"Feature","geometry":{"type":"Point","coordinates":[55.236595,25.11683]},"properties":{"name":"Al Batina Garage","shop":"car_repair"}},{"type":"Feature","geometry":{"type":"Point","coordinates":[55.236732,25.116916]},"properties":{"name":"Union Bread","shop":"bakery"}},{"type":"Feature","geometry":{"type":"Point","coordinates":[55.23684,25.11703]},"properties":{"name":"Fast Track Interiors","shop":"interior_decoration"}},{"type":"Feature","geometry":{"type":"Point","coordinates":[55.236933,25.117157]},"properties":{"name":"KNJ","shop":"bakery"}},{"type":"Feature","geometry":{"type":"Point","coordinates":[55.237088,25.117379]},"properties":{"name":"Kavkaz Auto","shop":"car_repair"}},{"type":"Feature","geometry":{"type":"Point","coordinates":[55.239037,25.119953]},"properties":{"name":"Jaleel Cash & Carry","shop":"yes"}},{"type":"Feature","geometry":{"type":"Point","coordinates":[55.238231,25.12234]},"properties":{"name":"Al Saffar Interior","shop":"interior_decoration"}},{"type":"Feature","geometry":{"type":"Point","coordinates":[55.218462,25.127502]},"properties":{"name":"Salam Industries","shop":"yes"}},{"type":"Feature","geometry":{"type":"Point","coordinates":[55.218545,25.127453]},"properties":{"name":"MCD","shop":"yes"}},{"type":"Feature","geometry":{"type":"Point","coordinates":[55.218617,25.127404]},"properties":{"name":"Atelier Interiors","shop":"interior_decoration"}},{"type":"Feature","geometry":{"type":"Point","coordinates":[55.21885,25.13145]},"properties":{"name":"Essa Obaid","shop":"yes"}},{"type":"Feature","geometry":{"type":"Point","coordinates":[55.219011,25.131642]},"properties":{"name":"Auto Lighting","shop":"lighting"}},{"type":"Feature","geometry":{"type":"Point","coordinates":[55.219118,25.131763]},"properties":{"name":"\u0627\u0644\u0646\u0648\u0631","shop":"yes"}},{"type":"Feature","geometry":{"type":"Point","coordinates":[55.219225,25.131908]},"properties":{"name":"Falcon Crest","shop":"lighting"}},{"type":"Feature","geometry":{"type":"Point","coordinates":[55.219339,25.13206]},"properties":{"name":"Laspinas","shop":"hardware"}},{"type":"Feature","geometry":{"type":"Point","coordinates":[55.219585,25.132489]},"properties":{"name":"Jotun","shop":"paint"}},{"type":"Feature","geometry":{"type":"Point","coordinates":[55.219612,25.132332]},"properties":{"name":"Target Link","shop":"yes"}},{"type":"Feature","geometry":{"type":"Point","coordinates":[55.219732,25.132477]},"properties":{"name":"Mega City","shop":"hardware"}},{"type":"Feature","geometry":{"type":"Point","coordinates":[55.221897,25.135539]},"properties":{"name":"Auto Doc","shop":"car_repair"}},{"type":"Feature","geometry":{"type":"Point","coordinates":[55.222381,25.135815]},"properties":{"name":"Next Generation","shop":"paint"}},{"type":"Feature","geometry":{"type":"Point","coordinates":[55.222462,25.135922]},"properties":{"name":"Al Moon International","shop":"paint"}},{"type":"Feature","geometry":{"type":"Point","coordinates":[55.216048,25.127153]},"properties":{"name":"Hansa Flex","shop":"yes"}},{"type":"Feature","geometry":{"type":"Point","coordinates":[55.215989,25.127079]},"properties":{"name":"Super Technical","shop":"yes"}},{"type":"Feature","geometry":{"type":"Point","coordinates":[55.215507,25.132853]},"properties":{"name":"Bath & Tile Krait","shop":"bathroom_furnishing"}},{"type":"Feature","geometry":{"type":"Point","coordinates":[55.215216,25.131223]},"properties":{"name":"Aresco","shop":"yes"}},{"type":"Feature","geometry":{"type":"Point","coordinates":[55.215144,25.131141]},"properties":{"name":"Trade Circle","shop":"yes"}},{"type":"Feature","geometry":{"type":"Point","coordinates":[55.215035,25.131021]},"properties":{"name":"International Diesel Services","shop":"car_repair"}},{"type":"Feature","geometry":{"type":"Point","coordinates":[55.212413,25.127821]},"properties":{"name":"Formula Tyres Trading","shop":"tyres"}},{"type":"Feature","geometry":{"type":"Point","coordinates":[55.212501,25.127984]},"properties":{"name":"Andaleeb Cars","shop":"car"}},{"type":"Feature","geometry":{"type":"Point","coordinates":[55.211139,25.126065]},"properties":{"name":"Al Hamab","shop":"yes"}},{"type":"Feature","geometry":{"type":"Point","coordinates":[55.210979,25.125867]},"properties":{"name":"Dunlop","shop":"yes"}},{"type":"Feature","geometry":{"type":"Point","coordinates":[55.210285,25.124809]},"properties":{"name":"Tanseed","shop":"yes"}},{"type":"Feature","geometry":{"type":"Point","coordinates":[55.208254,25.124125]},"properties":{"name":"Oh my Car II","shop":"car"}},{"type":"Feature","geometry":{"type":"Point","coordinates":[55.20884,25.12329]},"properties":{"name":"Parts Land","shop":"car_parts"}},{"type":"Feature","geometry":{"type":"Point","coordinates":[55.209989,25.127431]},"properties":{"name":"Approved Gargash Motors","shop":"car"}},{"type":"Feature","geometry":{"type":"Point","coordinates":[55.203547,25.113957]},"properties":{"name":"Nutelland","shop":"yes"}},{"type":"Feature","geometry":{"type":"Point","coordinates":[55.203055,25.115997]},"properties":{"name":"Fit & Contoured Beauty & Slimming","shop":"yes"}},{"type":"Feature","geometry":{"type":"Point","coordinates":[55.204772,25.11473]},"properties":{"name":"Florida","shop":"beauty"}},{"type":"Feature","geometry":{"type":"Point","coordinates":[55.204854,25.114664]},"properties":{"name":"Chocoban","shop":"yes"}},{"type":"Feature","geometry":{"type":"Point","coordinates":[55.204891,25.11463]},"properties":{"name":"Balanced Body","shop":"yes"}},{"type":"Feature","geometry":{"type":"Point","coordinates":[55.204928,25.114594]},"properties":{"name":"Kryolan","shop":"yes"}},{"type":"Feature","geometry":{"type":"Point","coordinates":[55.204964,25.114558]},"properties":{"name":"Tashkent","shop":"yes"}},{"type":"Feature","geometry":{"type":"Point","coordinates":[55.205076,25.114446]},"properties":{"name":"Amour Gents Centre","shop":"yes"}},{"type":"Feature","geometry":{"type":"Point","coordinates":[55.214601,25.117923]},"properties":{"name":"Al Musafa Trading Company","shop":"yes"}},{"type":"Feature","geometry":{"type":"Point","coordinates":[55.215927,25.115053]},"properties":{"name":"Altaadeel","shop":"car_repair"}},{"type":"Feature","geometry":{"type":"Point","coordinates":[55.216017,25.114991]},"properties":{"name":"Sealine Boats Manufacturing","shop":"boat"}},{"type":"Feature","geometry":{"type":"Point","coordinates":[55.216677,25.125007]},"properties":{"name":"Trox","shop":"yes"}},{"type":"Feature","geometry":{"type":"Point","coordinates":[55.216527,25.125077]},"properties":{"name":"Sani Service","shop":"yes"}},{"type":"Feature","geometry":{"type":"Point","coordinates":[55.221695,25.124762]},"properties":{"name":"ZNZ Garage","shop":"car_repair"}},{"type":"Feature","geometry":{"type":"Point","coordinates":[55.221613,25.135498]},"properties":{"name":"Stuttgart","shop":"car_repair"}},{"type":"Feature","geometry":{"type":"Point","coordinates":[55.221567,25.13553]},"properties":{"name":"a2b","shop":"car_repair"}},{"type":"Feature","geometry":{"type":"Point","coordinates":[55.221398,25.135639]},"properties":{"name":"Mr. Cars","shop":"car_repair"}},{"type":"Feature","geometry":{"type":"Point","coordinates":[55.219404,25.132143]},"properties":{"name":"Platinum","shop":"yes"}},{"type":"Feature","geometry":{"type":"Point","coordinates":[55.218958,25.131573]},"properties":{"name":"Far East","shop":"yes"}},{"type":"Feature","geometry":{"type":"Point","coordinates":[55.218903,25.13151]},"properties":{"name":"Megsons Enterprises","shop":"yes"}},{"type":"Feature","geometry":{"type":"Point","coordinates":[55.218811,25.131399]},"properties":{"name":"International Tools Welding Supply","shop":"yes"}},{"type":"Feature","geometry":{"type":"Point","coordinates":[55.207794,25.126149]},"properties":{"name":"Harrodz","shop":"yes"}},{"type":"Feature","geometry":{"type":"Point","coordinates":[55.207879,25.126202]},"properties":{"name":"Melody House","shop":"musical_instrument"}},{"type":"Feature","geometry":{"type":"Point","coordinates":[55.208128,25.126376]},"properties":{"name":"Olabi","shop":"yes"}},{"type":"Feature","geometry":{"type":"Point","coordinates":[55.208197,25.126427]},"properties":{"name":"Minimart","shop":"yes"}},{"type":"Feature","geometry":{"type":"Point","coordinates":[55.208274,25.126483]},"properties":{"name":"Direct Trading","shop":"yes"}},{"type":"Feature","geometry":{"type":"Point","coordinates":[55.208345,25.126536]},"properties":{"name":"Flight Centre","shop":"travel_agency"}},{"type":"Feature","geometry":{"type":"Point","coordinates":[55.208428,25.126607]},"properties":{"name":"Dubai Star Gold","shop":"jewelry"}},{"type":"Feature","geometry":{"type":"Point","coordinates":[55.208682,25.126794]},"properties":{"name":"Soho","shop":"yes"}},{"type":"Feature","geometry":{"type":"Point","coordinates":[55.208768,25.126855]},"properties":{"name":"Gems World","shop":"jewelry"}},{"type":"Feature","geometry":{"type":"Point","coordinates":[55.208847,25.126909]},"properties":{"name":"Dhamani","shop":"yes"}},{"type":"Feature","geometry":{"type":"Point","coordinates":[55.208933,25.126963]},"properties":{"name":"Daima Jewels","shop":"jewelry"}},{"type":"Feature","geometry":{"type":"Point","coordinates":[55.209009,25.127023]},"properties":{"name":"Silva Cara","shop":"yes"}},{"type":"Feature","geometry":{"type":"Point","coordinates":[55.209085,25.127079]},"properties":{"name":"Prime Gourmet","shop":"deli"}},{"type":"Feature","geometry":{"type":"Point","coordinates":[55.212979,25.12545]},"properties":{"name":"Morespace","shop":"storage_rental"}},{"type":"Feature","geometry":{"type":"Point","coordinates":[55.24922,25.200937]},"properties":{"name":"Hava Gents Salon","shop":"hairdresser"}},{"type":"Feature","geometry":{"type":"Point","coordinates":[55.245873,25.196193]},"properties":{"name":"Mona Beauty Centre","shop":"beauty"}},{"type":"Feature","geometry":{"type":"Point","coordinates":[55.231142,25.174955]},"properties":{"name":"Hi Beauty Salon","shop":"beauty"}},{"type":"Feature","geometry":{"type":"Point","coordinates":[55.21986,25.160117]},"properties":{"name":"Blanc D'ivoire","shop":"furniture"}},{"type":"Feature","geometry":{"type":"Point","coordinates":[55.219956,25.160223]},"properties":{"name":"My Style","shop":"yes"}},{"type":"Feature","geometry":{"type":"Point","coordinates":[55.218529,25.158507]},"properties":{"name":"Reflection","shop":"yes"}},{"type":"Feature","geometry":{"type":"Point","coordinates":[55.249525,25.200432]},"properties":{"name":"Typo","shop":"yes"}},{"type":"Feature","geometry":{"type":"Point","coordinates":[55.229068,25.171062]},"properties":{"name":"Snob","shop":"beauty"}},{"type":"Feature","geometry":{"type":"Point","coordinates":[55.219575,25.158818]},"properties":{"name":"Albaba Sweets","shop":"confectionery"}},{"type":"Feature","geometry":{"type":"Point","coordinates":[55.196353,25.129099]},"properties":{"name":"Natural Healing Spa","shop":"beauty"}},{"type":"Feature","geometry":{"type":"Point","coordinates":[55.196177,25.128825]},"properties":{"name":"Atlanta Vision","shop":"optician"}},{"type":"Feature","geometry":{"type":"Point","coordinates":[55.183911,25.123897]},"properties":{"name":"Blue Zayku Gents Salon","shop":"hairdresser"}},{"type":"Feature","geometry":{"type":"Point","coordinates":[55.183993,25.123842]},"properties":{"name":"Hassan Ali iAbdulla Grocery","shop":"convenience"}},{"type":"Feature","geometry":{"type":"Point","coordinates":[55.184022,25.123816]},"properties":{"name":"Laundry","shop":"laundry"}},{"type":"Feature","geometry":{"type":"Point","coordinates":[55.259782,25.172545]},"properties":{"name":"Book Mart","shop":"books"}},{"type":"Feature","geometry":{"type":"Point","coordinates":[55.259735,25.172579]},"properties":{"name":"The Cycle house","shop":"bicycle"}},{"type":"Feature","geometry":{"type":"Point","coordinates":[55.259691,25.172608]},"properties":{"name":"Dresspot","shop":"clothes"}},{"type":"Feature","geometry":{"type":"Point","coordinates":[55.256644,25.17438]},"properties":{"name":"Javid Electronics Trading","shop":"electronics"}},{"type":"Feature","geometry":{"type":"Point","coordinates":[55.256209,25.173923]},"properties":{"name":"Al Nadiah Beauty Salon","shop":"beauty"}},{"type":"Feature","geometry":{"type":"Point","coordinates":[55.255633,25.173308]},"properties":{"name":"Almadina Grocery","shop":"greengrocer"}},{"type":"Feature","geometry":{"type":"Point","coordinates":[55.255239,25.172689]},"properties":{"name":"Saloon","shop":"beauty"}},{"type":"Feature","geometry":{"type":"Point","coordinates":[55.255261,25.172715]},"properties":{"name":"Al Mahal Al Sarea Laundry","shop":"laundry"}},{"type":"Feature","geometry":{"type":"Point","coordinates":[55.255304,25.172756]},"properties":{"name":"Jotun","shop":"hardware"}},{"type":"Feature","geometry":{"type":"Point","coordinates":[55.255319,25.172777]},"properties":{"name":"Boulevard Gents Saloon","shop":"hairdresser"}},{"type":"Feature","geometry":{"type":"Point","coordinates":[55.253884,25.1714]},"properties":{"name":"Toyo Tires","shop":"tyres"}},{"type":"Feature","geometry":{"type":"Point","coordinates":[55.253786,25.171298]},"properties":{"name":"Ahmed Mohd Ghanim Building Materials","shop":"hardware"}},{"type":"Feature","geometry":{"type":"Point","coordinates":[55.253563,25.171055]},"properties":{"name":"Tario Makki","shop":"yes"}},{"type":"Feature","geometry":{"type":"Point","coordinates":[55.248766,25.176164]},"properties":{"name":"Xmiles","shop":"car_repair"}},{"type":"Feature","geometry":{"type":"Point","coordinates":[55.248534,25.17589]},"properties":{"name":"Safita Furniture Industry Emt.","shop":"furniture"}},{"type":"Feature","geometry":{"type":"Point","coordinates":[55.248314,25.175655]},"properties":{"name":"Luxury Auto Service Centre","shop":"car_repair"}},{"type":"Feature","geometry":{"type":"Point","coordinates":[55.245813,25.173014]},"properties":{"name":"Auto Magic","shop":"car_repair"}},{"type":"Feature","geometry":{"type":"Point","coordinates":[55.258466,25.185891]},"properties":{"name":"La Farine","shop":"bakery"}},{"type":"Feature","geometry":{"type":"Point","coordinates":[55.259626,25.185931]},"properties":{"name":"7-Eleven","shop":"convenience"}},{"type":"Feature","geometry":{"type":"Point","coordinates":[55.268868,25.180562]},"properties":{"name":"Crystal Clean Laundry","shop":"laundry"}},{"type":"Feature","geometry":{"type":"Point","coordinates":[55.267377,25.180651]},"properties":{"name":"Flower Story","shop":"yes"}},{"type":"Feature","geometry":{"type":"Point","coordinates":[55.239117,25.165707]},"properties":{"name":"Proshine","shop":"car_repair"}},{"type":"Feature","geometry":{"type":"Point","coordinates":[55.240006,25.166759]},"properties":{"name":"Tyre Plus","shop":"car_repair"}},{"type":"Feature","geometry":{"type":"Point","coordinates":[55.25036,25.167603]},"properties":{"name":"Red Stars Car","shop":"car_repair"}},{"type":"Feature","geometry":{"type":"Point","coordinates":[55.250304,25.167543]},"properties":{"name":"National Paints","shop":"paint"}},{"type":"Feature","geometry":{"type":"Point","coordinates":[55.249443,25.166969]},"properties":{"name":"\u0648\u0627\u062f\u064a \u0627\u0644\u0646\u0648\u0631","shop":"greengrocer"}},{"type":"Feature","geometry":{"type":"Point","coordinates":[55.249407,25.166929]},"properties":{"name":"\u0627\u0644\u0645\u0631\u0648\u0629","shop":"hardware"}},{"type":"Feature","geometry":{"type":"Point","coordinates":[55.248643,25.166015]},"properties":{"name":"Village Supermarket","shop":"supermarket"}},{"type":"Feature","geometry":{"type":"Point","coordinates":[55.25046,25.168725]},"properties":{"name":"Ahmed Mohd Ghanim Building Materials","shop":"hardware"}},{"type":"Feature","geometry":{"type":"Point","coordinates":[55.250386,25.168659]},"properties":{"name":"Volga","shop":"yes"}},{"type":"Feature","geometry":{"type":"Point","coordinates":[55.250676,25.151067]},"properties":{"name":"Saving Zone","shop":"hardware"}},{"type":"Feature","geometry":{"type":"Point","coordinates":[55.25216,25.164772]},"properties":{"name":"Albeed Laundry","shop":"laundry"}},{"type":"Feature","geometry":{"type":"Point","coordinates":[55.252179,25.164759]},"properties":{"name":"Build World","shop":"hardware"}},{"type":"Feature","geometry":{"type":"Point","coordinates":[55.252212,25.164739]},"properties":{"name":"Yanabia Al Safa","shop":"butcher"}},{"type":"Feature","geometry":{"type":"Point","coordinates":[55.252228,25.164727]},"properties":{"name":"Abrak Typing and Photocopying Services","shop":"copyshop"}},{"type":"Feature","geometry":{"type":"Point","coordinates":[55.25225,25.164711]},"properties":{"name":"Al Madina","shop":"tailor"}},{"type":"Feature","geometry":{"type":"Point","coordinates":[55.252271,25.164693]},"properties":{"name":"Abu Sahar","shop":"bakery"}},{"type":"Feature","geometry":{"type":"Point","coordinates":[55.252304,25.164669]},"properties":{"name":"East Tower Gents Saloon","shop":"hairdresser"}},{"type":"Feature","geometry":{"type":"Point","coordinates":[55.252327,25.164651]},"properties":{"name":"Khalifa Mohammed","shop":"hardware"}},{"type":"Feature","geometry":{"type":"Point","coordinates":[55.252357,25.164629]},"properties":{"name":"Najmat Al Qouz","shop":"tailor"}},{"type":"Feature","geometry":{"type":"Point","coordinates":[55.254534,25.162723]},"properties":{"name":"Al Ghazal Grocery","shop":"greengrocer"}},{"type":"Feature","geometry":{"type":"Point","coordinates":[55.254493,25.162686]},"properties":{"name":"Green Apple","shop":"dry_cleaning"}},{"type":"Feature","geometry":{"type":"Point","coordinates":[55.254449,25.16265]},"properties":{"name":"Good Look Gents Saloon","shop":"hairdresser"}},{"type":"Feature","geometry":{"type":"Point","coordinates":[55.254412,25.162598]},"properties":{"name":"Parker Store","shop":"yes"}},{"type":"Feature","geometry":{"type":"Point","coordinates":[55.256723,25.167602]},"properties":{"name":"Fatayer Al Keefak","shop":"bakery"}},{"type":"Feature","geometry":{"type":"Point","coordinates":[55.256775,25.167557]},"properties":{"name":"Young Star Gents Saloon","shop":"beauty"}},{"type":"Feature","geometry":{"type":"Point","coordinates":[55.25085,25.151136]},"properties":{"name":"A B Print House","shop":"copyshop"}},{"type":"Feature","geometry":{"type":"Point","coordinates":[55.217644,25.113016]},"properties":{"name":"National Paints","shop":"paint"}},{"type":"Feature","geometry":{"type":"Point","coordinates":[55.217522,25.113098]},"properties":{"name":"Ambar Garden","shop":"furniture"}},{"type":"Feature","geometry":{"type":"Point","coordinates":[55.216634,25.1137]},"properties":{"name":"Proteam Europa","shop":"yes"}},{"type":"Feature","geometry":{"type":"Point","coordinates":[55.216583,25.113746]},"properties":{"name":"Toyo","shop":"yes"}},{"type":"Feature","geometry":{"type":"Point","coordinates":[55.216108,25.114083]},"properties":{"name":"Rotaj","shop":"yes"}},{"type":"Feature","geometry":{"type":"Point","coordinates":[55.214316,25.115216]},"properties":{"name":"Max Garage","shop":"car_repair"}},{"type":"Feature","geometry":{"type":"Point","coordinates":[55.21403,25.115401]},"properties":{"name":"Lease Class","shop":"yes"}},{"type":"Feature","geometry":{"type":"Point","coordinates":[55.213377,25.115883]},"properties":{"name":"Duseja","shop":"yes"}},{"type":"Feature","geometry":{"type":"Point","coordinates":[55.21328,25.115941]},"properties":{"name":"Suncast","shop":"yes"}},{"type":"Feature","geometry":{"type":"Point","coordinates":[55.205444,25.121139]},"properties":{"name":"Sandalye","shop":"furniture"}},{"type":"Feature","geometry":{"type":"Point","coordinates":[55.205736,25.12098]},"properties":{"name":"Uhlsport","shop":"sports"}},{"type":"Feature","geometry":{"type":"Point","coordinates":[55.210167,25.127804]},"properties":{"name":"Kawasaki","shop":"motorcycle"}},{"type":"Feature","geometry":{"type":"Point","coordinates":[55.212882,25.130517]},"properties":{"name":"The Petshop","shop":"pet"}},{"type":"Feature","geometry":{"type":"Point","coordinates":[55.213623,25.131299]},"properties":{"name":"Aseel","shop":"yes"}},{"type":"Feature","geometry":{"type":"Point","coordinates":[55.213733,25.131441]},"properties":{"name":"\u0625\u062a\u0635\u0627\u0644\u0627\u062a","shop":"yes"}},{"type":"Feature","geometry":{"type":"Point","coordinates":[55.214712,25.132985]},"properties":{"name":"Bahmani","shop":"yes"}},{"type":"Feature","geometry":{"type":"Point","coordinates":[55.214672,25.132935]},"properties":{"name":"American Red","shop":"yes"}},{"type":"Feature","geometry":{"type":"Point","coordinates":[55.214877,25.133282]},"properties":{"name":"German Home","shop":"furniture"}},{"type":"Feature","geometry":{"type":"Point","coordinates":[55.214987,25.133476]},"properties":{"name":"The Mattress Store","shop":"bed"}},{"type":"Feature","geometry":{"type":"Point","coordinates":[55.215455,25.13413]},"properties":{"name":"The Elite Cars","shop":"car"}},{"type":"Feature","geometry":{"type":"Point","coordinates":[55.215536,25.13426]},"properties":{"name":"\u0627\u0644\u062e\u0648\u0631\u064a \u0644\u0644\u0633\u064a\u0627\u0631\u0627\u062a","shop":"car"}},{"type":"Feature","geometry":{"type":"Point","coordinates":[55.216698,25.136139]},"properties":{"name":"United Diesel","shop":"car"}},{"type":"Feature","geometry":{"type":"Point","coordinates":[55.221246,25.143351]},"properties":{"name":"Heidelberg","shop":"yes"}},{"type":"Feature","geometry":{"type":"Point","coordinates":[55.221302,25.143471]},"properties":{"name":"Autobahn","shop":"yes"}},{"type":"Feature","geometry":{"type":"Point","coordinates":[55.221384,25.143587]},"properties":{"name":"Giordano","shop":"clothes"}},{"type":"Feature","geometry":{"type":"Point","coordinates":[55.221522,25.1438]},"properties":{"shop":"car"}},{"type":"Feature","geometry":{"type":"Point","coordinates":[55.221725,25.144125]},"properties":{"name":"Granti","shop":"yes"}},{"type":"Feature","geometry":{"type":"Point","coordinates":[55.222099,25.144699]},"properties":{"name":"Majaless","shop":"yes"}},{"type":"Feature","geometry":{"type":"Point","coordinates":[55.222159,25.14481]},"properties":{"name":"The Ultimate Mattress","shop":"bed"}},{"type":"Feature","geometry":{"type":"Point","coordinates":[55.222757,25.145781]},"properties":{"name":"Arte Casa","shop":"furniture"}},{"type":"Feature","geometry":{"type":"Point","coordinates":[55.226331,25.150927]},"properties":{"name":"\u0645\u062e\u0631\u062c 43","shop":"yes"}},{"type":"Feature","geometry":{"type":"Point","coordinates":[55.226699,25.152145]},"properties":{"name":"Liberty Diesel","shop":"yes"}},{"type":"Feature","geometry":{"type":"Point","coordinates":[55.226774,25.152283]},"properties":{"name":"Vitra","shop":"yes"}},{"type":"Feature","geometry":{"type":"Point","coordinates":[55.226976,25.152604]},"properties":{"name":"NBQ","shop":"yes"}},{"type":"Feature","geometry":{"type":"Point","coordinates":[55.22704,25.152721]},"properties":{"name":"Xtreme","shop":"yes"}},{"type":"Feature","geometry":{"type":"Point","coordinates":[55.227162,25.152837]},"properties":{"name":"Commercial Bank International","shop":"yes"}},{"type":"Feature","geometry":{"type":"Point","coordinates":[55.227697,25.153779]},"properties":{"name":"First Stop","shop":"car_repair"}},{"type":"Feature","geometry":{"type":"Point","coordinates":[55.217143,25.112207]},"properties":{"name":"Creative Minds","shop":"Arts and Crafts"}},{"type":"Feature","geometry":{"type":"Point","coordinates":[55.216426,25.112584]},"properties":{"shop":"lighting"}},{"type":"Feature","geometry":{"type":"Point","coordinates":[55.216087,25.112816]},"properties":{"name":"Carpet Centre","shop":"carpet"}},{"type":"Feature","geometry":{"type":"Point","coordinates":[55.214787,25.113666]},"properties":{"name":"Decoart","shop":"interior_decoration"}},{"type":"Feature","geometry":{"type":"Point","coordinates":[55.214074,25.114152]},"properties":{"name":"Le Viera","shop":"yes"}},{"type":"Feature","geometry":{"type":"Point","coordinates":[55.213989,25.114212]},"properties":{"name":"LF","shop":"yes"}},{"type":"Feature","geometry":{"type":"Point","coordinates":[55.21344,25.114549]},"properties":{"name":"Togas, Dubai, Al Barsha","shop":"yes"}},{"type":"Feature","geometry":{"type":"Point","coordinates":[55.213298,25.114663]},"properties":{"name":"Creative Minds","shop":"yes"}},{"type":"Feature","geometry":{"type":"Point","coordinates":[55.246979,25.156295]},"properties":{"name":"Techorbit Trading","shop":"electronics"}},{"type":"Feature","geometry":{"type":"Point","coordinates":[55.246854,25.156159]},"properties":{"name":"Khalil Typing & Photocopying","shop":"copyshop"}},{"type":"Feature","geometry":{"type":"Point","coordinates":[55.246583,25.155909]},"properties":{"name":"Al Tamam Grocery","shop":"convenience"}},{"type":"Feature","geometry":{"type":"Point","coordinates":[55.24611,25.155513]},"properties":{"name":"Gate of Oasis Trading","shop":"mobile_phone"}},{"type":"Feature","geometry":{"type":"Point","coordinates":[55.245923,25.155341]},"properties":{"name":"Bab Al madina Gents Saloon","shop":"hairdresser"}},{"type":"Feature","geometry":{"type":"Point","coordinates":[55.245027,25.154553]},"properties":{"name":"Nad Al Shiba Baker","shop":"bakery"}},{"type":"Feature","geometry":{"type":"Point","coordinates":[55.243966,25.153608]},"properties":{"name":"Hassan Shah Bakery","shop":"bakery"}},{"type":"Feature","geometry":{"type":"Point","coordinates":[55.243159,25.152918]},"properties":{"name":"\u0633\u0648\u0628\u0631\u0645\u0627\u0631\u0643\u062a \u0627\u0644\u0645\u062f\u064a\u0646\u0629","shop":"supermarket"}},{"type":"Feature","geometry":{"type":"Point","coordinates":[55.242767,25.152554]},"properties":{"name":"\u0633\u0648\u0628\u0631\u0645\u0627\u0631\u0643\u062a \u0627\u0644\u0623\u0644\u0645\u0627\u0633","shop":"supermarket"}},{"type":"Feature","geometry":{"type":"Point","coordinates":[55.242581,25.152391]},"properties":{"name":"D Que Mobile","shop":"mobile_phone"}},{"type":"Feature","geometry":{"type":"Point","coordinates":[55.242541,25.15235]},"properties":{"name":"Royal House Opticals","shop":"optician"}},{"type":"Feature","geometry":{"type":"Point","coordinates":[55.242318,25.152151]},"properties":{"name":"High Star","shop":"car_parts"}},{"type":"Feature","geometry":{"type":"Point","coordinates":[55.242361,25.152192]},"properties":{"name":"Humaod Ali Trading","shop":"car_parts"}},{"type":"Feature","geometry":{"type":"Point","coordinates":[55.242159,25.152026]},"properties":{"name":"Al Ihthiyati Autospare Parts Co","shop":"car_parts"}},{"type":"Feature","geometry":{"type":"Point","coordinates":[55.242126,25.152003]},"properties":{"name":"Jovintos Trading","shop":"car_parts"}},{"type":"Feature","geometry":{"type":"Point","coordinates":[55.243724,25.151519]},"properties":{"name":"Al Madeena Grocery","shop":"greengrocer"}},{"type":"Feature","geometry":{"type":"Point","coordinates":[55.243807,25.151589]},"properties":{"name":"Suwalef Gents Saloon","shop":"hairdresser"}},{"type":"Feature","geometry":{"type":"Point","coordinates":[55.24407,25.151851]},"properties":{"name":"Bismi Hypermarket","shop":"supermarket"}},{"type":"Feature","geometry":{"type":"Point","coordinates":[55.244223,25.151986]},"properties":{"name":"Al Azdhar Meditation Centre","shop":"beauty"}},{"type":"Feature","geometry":{"type":"Point","coordinates":[55.244929,25.152604]},"properties":{"name":"Taj Al Madina Supermarket","shop":"supermarket"}},{"type":"Feature","geometry":{"type":"Point","coordinates":[55.245593,25.153188]},"properties":{"name":"Muhammad Biaz Bakery","shop":"bakery"}},{"type":"Feature","geometry":{"type":"Point","coordinates":[55.245635,25.15322]},"properties":{"name":"Jabal Al Aswad","shop":"convenience"}},{"type":"Feature","geometry":{"type":"Point","coordinates":[55.245912,25.153527]},"properties":{"name":"Al Zarooni Travel & Tourism","shop":"travel_agency"}},{"type":"Feature","geometry":{"type":"Point","coordinates":[55.246093,25.153586]},"properties":{"name":"Abdulla Kutait Grocery","shop":"greengrocer"}},{"type":"Feature","geometry":{"type":"Point","coordinates":[55.246129,25.153619]},"properties":{"name":"Al Rahi Roastery","shop":"greengrocer"}},{"type":"Feature","geometry":{"type":"Point","coordinates":[55.246544,25.154053]},"properties":{"name":"Cell Dreams","shop":"mobile_phone"}},{"type":"Feature","geometry":{"type":"Point","coordinates":[55.2466,25.154107]},"properties":{"name":"Sowalef Gents Salon","shop":"hairdresser"}},{"type":"Feature","geometry":{"type":"Point","coordinates":[55.246638,25.154136]},"properties":{"name":"Emirates","shop":"travel_agency"}},{"type":"Feature","geometry":{"type":"Point","coordinates":[55.246712,25.154211]},"properties":{"name":"Leader Star Grocery","shop":"greengrocer"}},{"type":"Feature","geometry":{"type":"Point","coordinates":[55.246936,25.154383]},"properties":{"name":"Shezawi Baker","shop":"bakery"}},{"type":"Feature","geometry":{"type":"Point","coordinates":[55.246982,25.154425]},"properties":{"name":"Ahmad Travel & Tourism","shop":"travel_agency"}},{"type":"Feature","geometry":{"type":"Point","coordinates":[55.247031,25.154471]},"properties":{"name":"Madras Saloon","shop":"hairdresser"}},{"type":"Feature","geometry":{"type":"Point","coordinates":[55.247111,25.154551]},"properties":{"name":"Mohammed Al Zarouni Vehicles Spare Parts TR.","shop":"car_parts"}},{"type":"Feature","geometry":{"type":"Point","coordinates":[55.247184,25.154619]},"properties":{"name":"Al Madina Grocery","shop":"greengrocer"}},{"type":"Feature","geometry":{"type":"Point","coordinates":[55.247609,25.154994]},"properties":{"name":"City Road Grocery","shop":"greengrocer"}},{"type":"Feature","geometry":{"type":"Point","coordinates":[55.247656,25.15503]},"properties":{"name":"Abdulla Hussain Gents Saloon","shop":"hairdresser"}},{"type":"Feature","geometry":{"type":"Point","coordinates":[55.248848,25.156081]},"properties":{"name":"Zamzam Gents Salon","shop":"hairdresser"}},{"type":"Feature","geometry":{"type":"Point","coordinates":[55.24882,25.156051]},"properties":{"name":"Maryam Rashed Alzaabi","shop":"butcher"}},{"type":"Feature","geometry":{"type":"Point","coordinates":[55.248786,25.156027]},"properties":{"name":"Red Star Laundry","shop":"laundry"}},{"type":"Feature","geometry":{"type":"Point","coordinates":[55.248746,25.155986]},"properties":{"name":"Abdulla Kutait Grocery","shop":"greengrocer"}},{"type":"Feature","geometry":{"type":"Point","coordinates":[55.249787,25.156913]},"properties":{"name":"Summer Star","shop":"car_repair"}},{"type":"Feature","geometry":{"type":"Point","coordinates":[55.249853,25.156973]},"properties":{"name":"Good Look Gents Saloon","shop":"hairdresser"}},{"type":"Feature","geometry":{"type":"Point","coordinates":[55.249973,25.157087]},"properties":{"name":"Mazhar Al Madina","shop":"mobile_phone"}},{"type":"Feature","geometry":{"type":"Point","coordinates":[55.240324,25.146205]},"properties":{"name":"Berger The Paint Professionals","shop":"paint"}},{"type":"Feature","geometry":{"type":"Point","coordinates":[55.229663,25.144784]},"properties":{"name":"Concord Building Materials","shop":"hardware"}},{"type":"Feature","geometry":{"type":"Point","coordinates":[55.229734,25.144858]},"properties":{"name":"Team One","shop":"car_repair"}},{"type":"Feature","geometry":{"type":"Point","coordinates":[55.229828,25.14497]},"properties":{"name":"National Paints","shop":"paint"}},{"type":"Feature","geometry":{"type":"Point","coordinates":[55.22987,25.145031]},"properties":{"name":"Al Rumaithia","shop":"hardware"}},{"type":"Feature","geometry":{"type":"Point","coordinates":[55.228864,25.14581]},"properties":{"name":"Arab Suppliers CO","shop":"yes"}},{"type":"Feature","geometry":{"type":"Point","coordinates":[55.228596,25.145983]},"properties":{"name":"Mainline Building Materials","shop":"hardware"}},{"type":"Feature","geometry":{"type":"Point","coordinates":[55.219754,25.151736]},"properties":{"name":"Wafic Saab","shop":"hairdresser"}},{"type":"Feature","geometry":{"type":"Point","coordinates":[55.213403,25.150937]},"properties":{"name":"Purity","shop":"beauty"}},{"type":"Feature","geometry":{"type":"Point","coordinates":[55.21259,25.149954]},"properties":{"name":"The Bridal Lounge","shop":"florist"}},{"type":"Feature","geometry":{"type":"Point","coordinates":[55.211904,25.149057]},"properties":{"name":"Machka","shop":"beauty"}},{"type":"Feature","geometry":{"type":"Point","coordinates":[55.210459,25.147233]},"properties":{"name":"Sandella's Flatbread","shop":"bakery"}},{"type":"Feature","geometry":{"type":"Point","coordinates":[55.208554,25.144652]},"properties":{"name":"Swan Spa","shop":"beauty"}},{"type":"Feature","geometry":{"type":"Point","coordinates":[55.208503,25.14459]},"properties":{"name":"Art of Beauty Centre","shop":"beauty"}},{"type":"Feature","geometry":{"type":"Point","coordinates":[55.208429,25.144493]},"properties":{"name":"Healing Feeling","shop":"beauty"}},{"type":"Feature","geometry":{"type":"Point","coordinates":[55.208187,25.144324]},"properties":{"name":"Five Elements","shop":"herbalist"}},{"type":"Feature","geometry":{"type":"Point","coordinates":[55.208092,25.144197]},"properties":{"name":"Aroushi Beauty Salon & Spa","shop":"beauty"}},{"type":"Feature","geometry":{"type":"Point","coordinates":[55.207751,25.143726]},"properties":{"name":"Afrina Beauty & Henna","shop":"beauty"}},{"type":"Feature","geometry":{"type":"Point","coordinates":[55.205119,25.140288]},"properties":{"name":"Afrodita","shop":"beauty"}},{"type":"Feature","geometry":{"type":"Point","coordinates":[55.205189,25.140397]},"properties":{"name":"Maison Elegance","shop":"florist"}},{"type":"Feature","geometry":{"type":"Point","coordinates":[55.203441,25.138164]},"properties":{"name":"AnYahh Art","shop":"art"}},{"type":"Feature","geometry":{"type":"Point","coordinates":[55.203378,25.138085]},"properties":{"name":"Grace & Light","shop":"interior_decoration"}},{"type":"Feature","geometry":{"type":"Point","coordinates":[55.251864,25.15882]},"properties":{"name":"Al Nebras","shop":"hairdresser"}},{"type":"Feature","geometry":{"type":"Point","coordinates":[55.251828,25.158786]},"properties":{"name":"Al Sanam Bakery","shop":"bakery"}},{"type":"Feature","geometry":{"type":"Point","coordinates":[55.25169,25.158662]},"properties":{"name":"Faaz Minimart","shop":"supermarket"}},{"type":"Feature","geometry":{"type":"Point","coordinates":[55.251203,25.158233]},"properties":{"name":"Al Sanam Bakery","shop":"bakery"}},{"type":"Feature","geometry":{"type":"Point","coordinates":[55.250854,25.157854]},"properties":{"name":"Al Madina Supermarket","shop":"supermarket"}},{"type":"Feature","geometry":{"type":"Point","coordinates":[55.250756,25.157768]},"properties":{"name":"Al Quoz Star Bakery","shop":"bakery"}},{"type":"Feature","geometry":{"type":"Point","coordinates":[55.249681,25.157883]},"properties":{"name":"Musafir","shop":"travel_agency"}},{"type":"Feature","geometry":{"type":"Point","coordinates":[55.249492,25.158051]},"properties":{"name":"Grace General Trading","shop":"convenience"}},{"type":"Feature","geometry":{"type":"Point","coordinates":[55.24941,25.158115]},"properties":{"name":"Majrial Zumuroo Gents Salon","shop":"hairdresser"}},{"type":"Feature","geometry":{"type":"Point","coordinates":[55.248845,25.158355]},"properties":{"name":"Majiq Al Shamsh Gents Saloon","shop":"hairdresser"}},{"type":"Feature","geometry":{"type":"Point","coordinates":[55.248778,25.158303]},"properties":{"name":"Dar Al Madeena General Trading","shop":"yes"}},{"type":"Feature","geometry":{"type":"Point","coordinates":[55.247916,25.15756]},"properties":{"name":"Shaklan Supermarket","shop":"supermarket"}},{"type":"Feature","geometry":{"type":"Point","coordinates":[55.24727,25.156945]},"properties":{"name":"Jubilly Supermarket","shop":"supermarket"}},{"type":"Feature","geometry":{"type":"Point","coordinates":[55.246856,25.156602]},"properties":{"name":"Arab Al Madina Supermarket","shop":"supermarket"}},{"type":"Feature","geometry":{"type":"Point","coordinates":[55.24658,25.156347]},"properties":{"name":"Pradip Gents Salon","shop":"hairdresser"}},{"type":"Feature","geometry":{"type":"Point","coordinates":[55.24603,25.155867]},"properties":{"name":"KVK Grocery","shop":"greengrocer"}},{"type":"Feature","geometry":{"type":"Point","coordinates":[55.245843,25.155708]},"properties":{"name":"Faaz Minimart","shop":"convenience"}},{"type":"Feature","geometry":{"type":"Point","coordinates":[55.245797,25.155673]},"properties":{"name":"Madra Saloon","shop":"hairdresser"}},{"type":"Feature","geometry":{"type":"Point","coordinates":[55.245767,25.155642]},"properties":{"name":"Abdul Reza Ibrahim Abdulla","shop":"hairdresser"}},{"type":"Feature","geometry":{"type":"Point","coordinates":[55.24573,25.155609]},"properties":{"name":"Kodak Express","shop":"photo"}},{"type":"Feature","geometry":{"type":"Point","coordinates":[55.245503,25.155404]},"properties":{"name":"Al Quoz Star","shop":"convenience"}},{"type":"Feature","geometry":{"type":"Point","coordinates":[55.245464,25.155369]},"properties":{"name":"Baker Al Qadeem","shop":"bakery"}},{"type":"Feature","geometry":{"type":"Point","coordinates":[55.245418,25.155331]},"properties":{"name":"Al bdeya Star","shop":"convenience"}},{"type":"Feature","geometry":{"type":"Point","coordinates":[55.245353,25.155274]},"properties":{"name":"Fathi Gents Saloon","shop":"hairdresser"}},{"type":"Feature","geometry":{"type":"Point","coordinates":[55.245316,25.155244]},"properties":{"name":"Sara Jewel","shop":"jewelry"}},{"type":"Feature","geometry":{"type":"Point","coordinates":[55.245275,25.15521]},"properties":{"name":"Malabar Fish Trading","shop":"seafood"}},{"type":"Feature","geometry":{"type":"Point","coordinates":[55.245234,25.155172]},"properties":{"name":"Naryam Ravem Meat","shop":"butcher"}},{"type":"Feature","geometry":{"type":"Point","coordinates":[55.243843,25.153915]},"properties":{"name":"\u0639\u0627\u0626\u0634\u0629","shop":"greengrocer"}},{"type":"Feature","geometry":{"type":"Point","coordinates":[55.243289,25.153436]},"properties":{"name":"Al Kayah Mini Mart","shop":"greengrocer"}},{"type":"Feature","geometry":{"type":"Point","coordinates":[55.242865,25.153061]},"properties":{"name":"Al Kashikha Hairdressing Saloon","shop":"hairdresser"}},{"type":"Feature","geometry":{"type":"Point","coordinates":[55.242798,25.152999]},"properties":{"name":"City Road Grocery","shop":"greengrocer"}},{"type":"Feature","geometry":{"type":"Point","coordinates":[55.242774,25.152974]},"properties":{"name":"G Plus","shop":"doors"}},{"type":"Feature","geometry":{"type":"Point","coordinates":[55.242751,25.152947]},"properties":{"name":"Al Mansoora Gents Saloon","shop":"hairdresser"}},{"type":"Feature","geometry":{"type":"Point","coordinates":[55.233506,25.13507]},"properties":{"name":"Sultan Al Madina","shop":"greengrocer"}},{"type":"Feature","geometry":{"type":"Point","coordinates":[55.226152,25.1397]},"properties":{"name":"Sina Tyres","shop":"tyres"}},{"type":"Feature","geometry":{"type":"Point","coordinates":[55.207439,25.144406]},"properties":{"name":"SW One Fashion","shop":"clothes"}},{"type":"Feature","geometry":{"type":"Point","coordinates":[55.249738,25.157382]},"properties":{"name":"Al Madina Trading","shop":"yes"}},{"type":"Feature","geometry":{"type":"Point","coordinates":[55.249665,25.157453]},"properties":{"name":"Abaq Al Madeena","shop":"yes"}},{"type":"Feature","geometry":{"type":"Point","coordinates":[55.249287,25.1578]},"properties":{"name":"Al Madeena Supermarket","shop":"supermarket"}},{"type":"Feature","geometry":{"type":"Point","coordinates":[55.249057,25.158015]},"properties":{"name":"SRA","shop":"electronics"}},{"type":"Feature","geometry":{"type":"Point","coordinates":[55.248937,25.158021]},"properties":{"name":"Gents Saloon","shop":"hairdresser"}},{"type":"Feature","geometry":{"type":"Point","coordinates":[55.248825,25.157926]},"properties":{"name":"Punjab Star","shop":"butcher"}},{"type":"Feature","geometry":{"type":"Point","coordinates":[55.24875,25.157845]},"properties":{"name":"City Point","shop":"convenience"}},{"type":"Feature","geometry":{"type":"Point","coordinates":[55.24822,25.157389]},"properties":{"name":"Smart Men Saloon","shop":"hairdresser"}},{"type":"Feature","geometry":{"type":"Point","coordinates":[55.247976,25.157173]},"properties":{"name":"New Orange","shop":"electronics"}},{"type":"Feature","geometry":{"type":"Point","coordinates":[55.247924,25.157129]},"properties":{"name":"Alqouz Star Bakery","shop":"bakery"}},{"type":"Feature","geometry":{"type":"Point","coordinates":[55.247866,25.157069]},"properties":{"name":"Sara Jewel","shop":"electronics"}},{"type":"Feature","geometry":{"type":"Point","coordinates":[55.246052,25.155465]},"properties":{"name":"Cute Cut Saloon","shop":"hairdresser"}},{"type":"Feature","geometry":{"type":"Point","coordinates":[55.2452,25.154716]},"properties":{"name":"Al Madina Grocery","shop":"greengrocer"}},{"type":"Feature","geometry":{"type":"Point","coordinates":[55.234108,25.167633]},"properties":{"name":"Jarnas Saloon","shop":"hairdresser"}},{"type":"Feature","geometry":{"type":"Point","coordinates":[55.233775,25.179335]},"properties":{"name":"Beautica Personal Care","shop":"beauty"}},{"type":"Feature","geometry":{"type":"Point","coordinates":[55.233837,25.179321]},"properties":{"name":"Carnival Health Spa","shop":"beauty"}},{"type":"Feature","geometry":{"type":"Point","coordinates":[55.238492,25.175112]},"properties":{"name":"Al Hala Complex","shop":"yes"}},{"type":"Feature","geometry":{"type":"Point","coordinates":[55.234134,25.167661]},"properties":{"name":"Bab Al Manara Grocery","shop":"convenience"}},{"type":"Feature","geometry":{"type":"Point","coordinates":[55.234163,25.167692]},"properties":{"name":"Sun & Sands Laundry","shop":"laundry"}},{"type":"Feature","geometry":{"type":"Point","coordinates":[55.196851,25.135247]},"properties":{"name":"Araana Beauty Salon and Spa","shop":"beauty"}},{"type":"Feature","geometry":{"type":"Point","coordinates":[55.196928,25.135403]},"properties":{"name":"Pet Grooming Spa","shop":"pet"}},{"type":"Feature","geometry":{"type":"Point","coordinates":[55.200209,25.143494]},"properties":{"name":"B5 Living Interiors","shop":"interior_decoration"}},{"type":"Feature","geometry":{"type":"Point","coordinates":[55.226868,25.169765]},"properties":{"name":"Sasha Beauty Salon","shop":"beauty"}},{"type":"Feature","geometry":{"type":"Point","coordinates":[55.199296,25.132426]},"properties":{"name":"pronto","shop":"coffee"}},{"type":"Feature","geometry":{"type":"Point","coordinates":[55.204345,25.131213]},"properties":{"name":"Royal Beauty Salon","shop":"beauty"}},{"type":"Feature","geometry":{"type":"Point","coordinates":[55.246855,25.178613]},"properties":{"name":"Just Kidding General Trading","shop":"yes"}},{"type":"Feature","geometry":{"type":"Point","coordinates":[55.24653,25.178273]},"properties":{"name":"Indigo Living","shop":"furniture"}},{"type":"Feature","geometry":{"type":"Point","coordinates":[55.246392,25.17812]},"properties":{"name":"Salah Home Decor","shop":"furniture"}},{"type":"Feature","geometry":{"type":"Point","coordinates":[55.246024,25.177724]},"properties":{"name":"A Mart Supermarket","shop":"supermarket"}},{"type":"Feature","geometry":{"type":"Point","coordinates":[55.244931,25.176544]},"properties":{"name":"Pets Plus","shop":"pet"}},{"type":"Feature","geometry":{"type":"Point","coordinates":[55.244658,25.17626]},"properties":{"name":"Barracuda Fishing Equipment","shop":"sports"}},{"type":"Feature","geometry":{"type":"Point","coordinates":[55.244493,25.176094]},"properties":{"name":"San Marco","shop":"furniture"}},{"type":"Feature","geometry":{"type":"Point","coordinates":[55.233087,25.172178]},"properties":{"name":"Blue Diamond Gents Saloon","shop":"hairdresser"}},{"type":"Feature","geometry":{"type":"Point","coordinates":[55.250256,25.200153]},"properties":{"name":"Al Saqa Grocery","shop":"convenience"}},{"type":"Feature","geometry":{"type":"Point","coordinates":[55.246469,25.195239]},"properties":{"name":"Comic Stop","shop":"books"}},{"type":"Feature","geometry":{"type":"Point","coordinates":[55.234946,25.193919]},"properties":{"name":"Vivel P\u00e2tisserie","shop":"yes"}},{"type":"Feature","geometry":{"type":"Point","coordinates":[55.245678,25.194127]},"properties":{"name":"Casa D'oro","shop":"interior_decoration"}},{"type":"Feature","geometry":{"type":"Point","coordinates":[55.246022,25.19463]},"properties":{"name":"Platinum Laundry","shop":"laundry"}},{"type":"Feature","geometry":{"type":"Point","coordinates":[55.246575,25.195397]},"properties":{"name":"YouBetterFly","shop":"shoes"}},{"type":"Feature","geometry":{"type":"Point","coordinates":[55.246653,25.195511]},"properties":{"name":"Leaves","shop":"confectionery"}},{"type":"Feature","geometry":{"type":"Point","coordinates":[55.246699,25.195576]},"properties":{"name":"The Sewing House","shop":"sewing"}},{"type":"Feature","geometry":{"type":"Point","coordinates":[55.248331,25.198166]},"properties":{"name":"Big Chips","shop":"yes"}},{"type":"Feature","geometry":{"type":"Point","coordinates":[55.23536,25.146898]},"properties":{"name":"Garage AC fix","shop":"car_repair"}},{"type":"Feature","geometry":{"type":"Point","coordinates":[55.236843,25.159433]},"properties":{"name":"Europcar Garage","shop":"car_repair"}},{"type":"Feature","geometry":{"type":"Point","coordinates":[55.226657,25.169895]},"properties":{"name":"Kidspointstore","shop":"clothes"}},{"type":"Feature","geometry":{"type":"Point","coordinates":[55.228153,25.154353]},"properties":{"name":"Porsche","shop":"car"}},{"type":"Feature","geometry":{"type":"Point","coordinates":[55.201058,25.119049]},"properties":{"name":"Borders","shop":"books"}},{"type":"Feature","geometry":{"type":"Point","coordinates":[55.198413,25.118095]},"properties":{"name":"The Toy Store","shop":"toys"}},{"type":"Feature","geometry":{"type":"Point","coordinates":[55.198554,25.118663]},"properties":{"name":"Virgin Megastore","shop":"music"}},{"type":"Feature","geometry":{"type":"Point","coordinates":[55.199815,25.117721]},"properties":{"name":"Forever 21","shop":"clothes"}},{"type":"Feature","geometry":{"type":"Point","coordinates":[55.199815,25.1181]},"properties":{"name":"Mango","shop":"clothes"}},{"type":"Feature","geometry":{"type":"Point","coordinates":[55.199747,25.118829]},"properties":{"name":"Victoria's Secret","shop":"clothes"}},{"type":"Feature","geometry":{"type":"Point","coordinates":[55.199511,25.119014]},"properties":{"name":"H&M","shop":"clothes"}},{"type":"Feature","geometry":{"type":"Point","coordinates":[55.199574,25.11846]},"properties":{"name":"Guess","shop":"clothes"}},{"type":"Feature","geometry":{"type":"Point","coordinates":[55.199563,25.11792]},"properties":{"name":"Gap","shop":"clothes"}},{"type":"Feature","geometry":{"type":"Point","coordinates":[55.200332,25.118085]},"properties":{"name":"Zara","shop":"clothes"}},{"type":"Feature","geometry":{"type":"Point","coordinates":[55.200756,25.118161]},"properties":{"name":"Skechers","shop":"shoes"}},{"type":"Feature","geometry":{"type":"Point","coordinates":[55.201164,25.1189]},"properties":{"name":"Samsung","shop":"electronics"}},{"type":"Feature","geometry":{"type":"Point","coordinates":[55.201447,25.118924]},"properties":{"name":"Emax","shop":"computer"}},{"type":"Feature","geometry":{"type":"Point","coordinates":[55.202892,25.118476]},"properties":{"name":"Nike","shop":"clothes"}},{"type":"Feature","geometry":{"type":"Point","coordinates":[55.246005,25.145879]},"properties":{"name":"Uniform Room","shop":"laundry"}},{"type":"Feature","geometry":{"type":"Point","coordinates":[55.244197,25.142257]},"properties":{"name":"Shoe Store","shop":"shoes"}},{"type":"Feature","geometry":{"type":"Point","coordinates":[55.243541,25.142633]},"properties":{"name":"Gents Hair Saloon","shop":"hairdresser"}},{"type":"Feature","geometry":{"type":"Point","coordinates":[55.218146,25.11861]},"properties":{"name":"Performance Motorspace","shop":"car_parts"}},{"type":"Feature","geometry":{"type":"Point","coordinates":[55.239853,25.160797]},"properties":{"name":"firestone company","shop":"hardware"}},{"type":"Feature","geometry":{"type":"Point","coordinates":[55.214627,25.127309]},"properties":{"name":"Nash band rehearsals","shop":"electronics"}},{"type":"Feature","geometry":{"type":"Point","coordinates":[55.222144,25.122722]},"properties":{"name":"Al Quoz Mall - Al Madina Supermarket","shop":"supermarket"}},{"type":"Feature","geometry":{"type":"Point","coordinates":[55.246071,25.129192]},"properties":{"name":"Shakland Supermarket 3","shop":"supermarket"}},{"type":"Feature","geometry":{"type":"Point","coordinates":[55.249273,25.167585]},"properties":{"name":"J Mart Supermarket","shop":"supermarket"}},{"type":"Feature","geometry":{"type":"Point","coordinates":[55.237104,25.123963]},"properties":{"name":"SHAKLAND Supermarket","shop":"supermarket"}},{"type":"Feature","geometry":{"type":"Point","coordinates":[55.204612,25.112695]},"properties":{"name":"Deals Barsha Supermarket","shop":"supermarket"}},{"type":"Feature","geometry":{"type":"Point","coordinates":[55.23957,25.145383]},"properties":{"name":"Storage Solution","shop":"storage_rental"}},{"type":"Feature","geometry":{"type":"Point","coordinates":[55.226981,25.123402]},"properties":{"name":"al Quz shop","shop":"wine"}},{"type":"Feature","geometry":{"type":"Point","coordinates":[55.263221,25.193601]},"properties":{"name":"Caesar supermarket","shop":"supermarket"}},{"type":"Feature","geometry":{"type":"Point","coordinates":[55.22143,25.137836]},"properties":{"name":"Mercedes-Benz","shop":"car"}},{"type":"Feature","geometry":{"type":"Point","coordinates":[55.245532,25.149588]},"properties":{"name":"\u0648\u0627\u0646\u0643\u0648\u0633\u0629","shop":"clothes"}},{"type":"Feature","geometry":{"type":"Point","coordinates":[55.197378,25.148426]},"properties":{"name":"Trader Vic's Madinat","shop":"surf"}},{"type":"Feature","geometry":{"type":"Point","coordinates":[55.245627,25.149398]},"properties":{"name":"\u0628\u0648\u0633\u062a\u0646","shop":"clothes"}},{"type":"Feature","geometry":{"type":"Point","coordinates":[55.226523,25.184073]},"properties":{"name":"Elata Beauty","shop":"beauty"}},{"type":"Feature","geometry":{"type":"Point","coordinates":[55.225937,25.183753]},"properties":{"name":"Carrefour Market","shop":"supermarket"}},{"type":"Feature","geometry":{"type":"Point","coordinates":[55.226064,25.183387]},"properties":{"shop":"beverages"}},{"type":"Feature","geometry":{"type":"Point","coordinates":[55.214616,25.113963]},"properties":{"name":"Trevi WARDE Furniture &Interior Design","shop":"furniture"}},{"type":"Feature","geometry":{"type":"Point","coordinates":[55.241901,25.131893]},"properties":{"name":"Magna Tech","shop":"hardware"}},{"type":"Feature","geometry":{"type":"Point","coordinates":[55.216382,25.170713]},"properties":{"name":"Garderobe","shop":"clothes"}},{"type":"Feature","geometry":{"type":"Point","coordinates":[55.240043,25.161903]},"properties":{"name":"Wrap Style","shop":"car_repair"}},{"type":"Feature","geometry":{"type":"Point","coordinates":[55.201234,25.118197]},"properties":{"name":"Aldo","shop":"shoes"}},{"type":"Feature","geometry":{"type":"Point","coordinates":[55.201172,25.118192]},"properties":{"name":"Aldo Accessory","shop":"beauty"}},{"type":"Feature","geometry":{"type":"Point","coordinates":[55.201234,25.118331]},"properties":{"name":"Rivoli","shop":"gift"}},{"type":"Feature","geometry":{"type":"Point","coordinates":[55.199713,25.118517]},"properties":{"name":"KIKO Milano","shop":"cosmetics"}},{"type":"Feature","geometry":{"type":"Point","coordinates":[55.200662,25.11863]},"properties":{"name":"Debenhams","shop":"beauty"}},{"type":"Feature","geometry":{"type":"Point","coordinates":[55.200174,25.117529]},"properties":{"name":"M.K","shop":"clothes"}},{"type":"Feature","geometry":{"type":"Point","coordinates":[55.205786,25.112116]},"properties":{"shop":"laundry"}},{"type":"Feature","geometry":{"type":"Point","coordinates":[55.204148,25.111681]},"properties":{"shop":"supermarket"}},{"type":"Feature","geometry":{"type":"Point","coordinates":[55.205723,25.112163]},"properties":{"shop":"hairdresser"}},{"type":"Feature","geometry":{"type":"Point","coordinates":[55.255191,25.18422]},"properties":{"name":"Silk Spa","shop":"beauty"}},{"type":"Feature","geometry":{"type":"Point","coordinates":[55.202098,25.112594]},"properties":{"name":"Metro Automatic Laundry","shop":"laundry"}},{"type":"Feature","geometry":{"type":"Point","coordinates":[55.205997,25.116288]},"properties":{"name":"\u0635\u0627\u0644\u0648\u0646 \u0627\u0644\u0645\u0631\u0648\u062c \u0644\u0644\u0631\u062c\u0627\u0644","shop":"hairdresser"}},{"type":"Feature","geometry":{"type":"Point","coordinates":[55.205186,25.116834]},"properties":{"name":"\u0633\u0648\u0628\u0631 \u0645\u0627\u0631\u06a9\u062a \u06a9\u0648\u0648\u06a9 \u0633\u062a\u0627\u0628","shop":"supermarket"}},{"type":"Feature","geometry":{"type":"Point","coordinates":[55.233088,25.115014]},"properties":{"name":"Sand Dance tyres","shop":"car_repair"}},{"type":"Feature","geometry":{"type":"Point","coordinates":[55.215468,25.114488]},"properties":{"name":"Tyre.AE","shop":"car_repair"}},{"type":"Feature","geometry":{"type":"Point","coordinates":[55.195878,25.115565]},"properties":{"name":"Al Baraja Therapy Centre","shop":"massage"}},{"type":"Feature","geometry":{"type":"Point","coordinates":[55.231129,25.158027]},"properties":{"name":"Gulf Wireless","shop":"car_parts"}},{"type":"Feature","geometry":{"type":"Point","coordinates":[55.233761,25.112143]},"properties":{"name":"Ramy Automotive","shop":"car_parts"}},{"type":"Feature","geometry":{"type":"Point","coordinates":[55.220298,25.113987]},"properties":{"name":"Car alignment","shop":"car"}},{"type":"Feature","geometry":{"type":"Point","coordinates":[55.222174,25.177184]},"properties":{"name":"Al Arif Sons Travel","shop":"travel_agency"}},{"type":"Feature","geometry":{"type":"Point","coordinates":[55.2601,25.192943]},"properties":{"shop":"convenience"}},{"type":"Feature","geometry":{"type":"Point","coordinates":[55.271263,25.186955]},"properties":{"shop":"bakery"}},{"type":"Feature","geometry":{"type":"Point","coordinates":[55.266818,25.19275]},"properties":{"shop":"supermarket"}},{"type":"Feature","geometry":{"type":"Point","coordinates":[55.237242,25.163611]},"properties":{"name":"\u0645\u0637\u0639\u0645 \u0645\u062c\u0627\u0648\u0631\u0647\u0645 \u0647\u0645","shop":"sports"}},{"type":"Feature","geometry":{"type":"Point","coordinates":[55.237812,25.159039]},"properties":{"shop":"computer"}},{"type":"Feature","geometry":{"type":"Point","coordinates":[55.236067,25.147699]},"properties":{"name":"Turab Bhai Trading Co. LLC","shop":"hardware"}},{"type":"Feature","geometry":{"type":"Point","coordinates":[55.270688,25.200162]},"properties":{"name":"\u0645\u062a\u0631\u0648\u062f\u0628\u064a \u0645\u0648\u0644","shop":"sports"}},{"type":"Feature","geometry":{"type":"Point","coordinates":[55.202243,25.118331]},"properties":{"name":"Levi's","shop":"clothes"}},{"type":"Feature","geometry":{"type":"Point","coordinates":[55.200725,25.118365]},"properties":{"name":"Vero Moda","shop":"clothes"}},{"type":"Feature","geometry":{"type":"Point","coordinates":[55.200248,25.118729]},"properties":{"name":"Next","shop":"clothes"}},{"type":"Feature","geometry":{"type":"Point","coordinates":[55.198574,25.118369]},"properties":{"name":"Jack & Jones","shop":"clothes"}},{"type":"Feature","geometry":{"type":"Point","coordinates":[55.198453,25.118]},"properties":{"name":"Superdry","shop":"clothes"}},{"type":"Feature","geometry":{"type":"Point","coordinates":[55.268596,25.199903]},"properties":{"name":"Zoom","shop":"supermarket"}},{"type":"Feature","geometry":{"type":"Point","coordinates":[55.234109,25.13888]},"properties":{"name":"Right Space Self Storage LLC","shop":"storage_rental"}},{"type":"Feature","geometry":{"type":"Point","coordinates":[55.209804,25.127849]},"properties":{"shop":"car"}},{"type":"Feature","geometry":{"type":"Point","coordinates":[55.266114,25.190374]},"properties":{"name":"Phone To Go","shop":"mobile_phone"}},{"type":"Feature","geometry":{"type":"Point","coordinates":[55.241945,25.170017]},"properties":{"name":"Autodeals","shop":"car"}},{"type":"Feature","geometry":{"type":"Point","coordinates":[55.237285,25.185592]},"properties":{"shop":"computer"}},{"type":"Feature","geometry":{"type":"Point","coordinates":[55.231378,25.158278]},"properties":{"shop":"car_parts"}},{"type":"Feature","geometry":{"type":"Point","coordinates":[55.251671,25.160164]},"properties":{"name":"The Cycle House","shop":"bicycle"}},{"type":"Feature","geometry":{"type":"Point","coordinates":[55.249077,25.201057]},"properties":{"name":"The Healers\u2019 Clinic","shop":"medical_supply"}},{"type":"Feature","geometry":{"type":"Point","coordinates":[55.207937,25.12624]},"properties":{"name":"SJ Solitaire Jewels","shop":"jewelry"}},{"type":"Feature","geometry":{"type":"Point","coordinates":[55.221212,25.111445]},"properties":{"name":"F1 Auto Care","shop":"car_repair"}},{"type":"Feature","geometry":{"type":"Point","coordinates":[55.26631,25.190625]},"properties":{"name":"Uturn Readymade Garments Trading","shop":"shoes"}},{"type":"Feature","geometry":{"type":"Point","coordinates":[55.238264,25.198081]},"properties":{"name":"Al Ajneha Al Masiya","shop":"beauty"}},{"type":"Feature","geometry":{"type":"Point","coordinates":[55.232228,25.142872]},"properties":{"name":"Easy Storage","shop":"storage_rental"}},{"type":"Feature","geometry":{"type":"Point","coordinates":[55.253281,25.178534]},"properties":{"name":"Zoom","shop":"convenience"}},{"type":"Feature","geometry":{"type":"Point","coordinates":[55.26844,25.199495]},"properties":{"name":"Business Time Centre","shop":"mall"}},{"type":"Feature","geometry":{"type":"Point","coordinates":[55.209724,25.146202]},"properties":{"name":"O'de Rose Concept Store","shop":"gift"}},{"type":"Feature","geometry":{"type":"Point","coordinates":[55.216211,25.132291]},"properties":{"name":"Kit Car Corner","shop":"car_parts"}},{"type":"Feature","geometry":{"type":"Point","coordinates":[55.270674,25.187707]},"properties":{"name":"Just Glow Event Management FZ","shop":"computer"}},{"type":"Feature","geometry":{"type":"Point","coordinates":[55.26509,25.184556]},"properties":{"name":"Skylink Travels","shop":"travel_agency"}},{"type":"Feature","geometry":{"type":"Point","coordinates":[55.256779,25.168218]},"properties":{"shop":"car"}},{"type":"Feature","geometry":{"type":"Point","coordinates":[55.220028,25.115029]},"properties":{"name":"Al Bedayer","shop":"car_repair"}},{"type":"Feature","geometry":{"type":"Point","coordinates":[55.270779,25.187573]},"properties":{"name":"Just Glow Event Management","shop":"computer"}},{"type":"Feature","geometry":{"type":"Point","coordinates":[55.262067,25.185049]},"properties":{"name":"Orange Interactive Technology","shop":"computer"}},{"type":"Feature","geometry":{"type":"Point","coordinates":[55.242427,25.119301]},"properties":{"shop":"car_repair"}},{"type":"Feature","geometry":{"type":"Point","coordinates":[55.241352,25.169352]},"properties":{"name":"Harley's","shop":"hairdresser"}},{"type":"Feature","geometry":{"type":"Point","coordinates":[55.244496,25.173556]},"properties":{"name":"Golden Tools Trading","shop":"garden_centre"}},{"type":"Feature","geometry":{"type":"Point","coordinates":[55.220423,25.124819]},"properties":{"name":"Carbonio Auto Spare Parts Trading","shop":"car_parts"}},{"type":"Feature","geometry":{"type":"Point","coordinates":[55.241733,25.132011]},"properties":{"name":"Eon Print Solutions","shop":"copyshop"}},{"type":"Feature","geometry":{"type":"Point","coordinates":[55.237456,25.140201]},"properties":{"name":"Extra Space Self Storage","shop":"storage_rental"}},{"type":"Feature","geometry":{"type":"Point","coordinates":[55.209418,25.126836]},"properties":{"name":"House Of Windsor Jewellers","shop":"jewelry"}},{"type":"Feature","geometry":{"type":"Point","coordinates":[55.217339,25.125273]},"properties":{"name":"Laquila Curtains & Decor","shop":"interior_decoration"}},{"type":"Feature","geometry":{"type":"Point","coordinates":[55.188738,25.111709]},"properties":{"name":"The Laundry Basket","shop":"laundry"}},{"type":"Feature","geometry":{"type":"Point","coordinates":[55.189594,25.113381]},"properties":{"name":"West Zone","shop":"supermarket"}},{"type":"Feature","geometry":{"type":"Point","coordinates":[55.270061,25.188784]},"properties":{"name":"Offplandxb.ae","shop":"estate_agent"}},{"type":"Feature","geometry":{"type":"Point","coordinates":[55.220443,25.124849]},"properties":{"name":"Grease Monkey","shop":"car_repair"}},{"type":"Feature","geometry":{"type":"Point","coordinates":[55.242366,25.126093]},"properties":{"name":"Golden Falcon","shop":"laundry"}},{"type":"Feature","geometry":{"type":"Point","coordinates":[55.244349,25.12956]},"properties":{"name":"United Diesel","shop":"car_parts"}},{"type":"Feature","geometry":{"type":"Point","coordinates":[55.20584,25.147809]},"properties":{"name":"Al Zowar","shop":"laundry"}},{"type":"Feature","geometry":{"type":"Point","coordinates":[55.240546,25.185982]},"properties":{"name":"Aster Flowers","shop":"florist"}},{"type":"Feature","geometry":{"type":"Point","coordinates":[55.198859,25.146877]},"properties":{"name":"Humaid Saeed","shop":"laundry"}},{"type":"Feature","geometry":{"type":"Point","coordinates":[55.238039,25.184848]},"properties":{"name":"Bermuda Diving","shop":"scuba_diving"}},{"type":"Feature","geometry":{"type":"Point","coordinates":[55.22643,25.112752]},"properties":{"name":"All Terrain","shop":"car_repair"}},{"type":"Feature","geometry":{"type":"Point","coordinates":[55.218036,25.132221]},"properties":{"name":"Australian Automatic Doors Co.","shop":"department_store"}},{"type":"Feature","geometry":{"type":"Point","coordinates":[55.266399,25.190653]},"properties":{"name":"Let's Vape Electronic Cigarettes & Accessories","shop":"e-cigarette"}},{"type":"Feature","geometry":{"type":"Point","coordinates":[55.202508,25.111354]},"properties":{"name":"Leo Smoking Requisites Trading","shop":"tobacco"}},{"type":"Feature","geometry":{"type":"Point","coordinates":[55.261851,25.191827]},"properties":{"name":"Siryano","shop":"beauty"}},{"type":"Feature","geometry":{"type":"Point","coordinates":[55.229988,25.139506]},"properties":{"name":"Delta Faucet, Peerless, Brizo","shop":"doityourself"}},{"type":"Feature","geometry":{"type":"Point","coordinates":[55.242016,25.138453]},"properties":{"name":"A One Tools Trading","shop":"power_tools"}},{"type":"Feature","geometry":{"type":"Point","coordinates":[55.242112,25.170077]},"properties":{"name":"Beauty Solution Slim SPA","shop":"beauty"}},{"type":"Feature","geometry":{"type":"Point","coordinates":[55.241826,25.169651]},"properties":{"name":"Glamour Palace Fashion","shop":"clothes"}},{"type":"Feature","geometry":{"type":"Point","coordinates":[55.206461,25.112427]},"properties":{"name":"Max Time Smoking Requisites","shop":"tobacco"}},{"type":"Feature","geometry":{"type":"Point","coordinates":[55.212464,25.127572]},"properties":{"name":"Cars & Bikes Cars & Motorcycles Repairing","shop":"car_repair"}},{"type":"Feature","geometry":{"type":"Point","coordinates":[55.239317,25.144571]},"properties":{"name":"Flour Girl Bakeries","shop":"bakery"}},{"type":"Feature","geometry":{"type":"Point","coordinates":[55.244483,25.137053]},"properties":{"name":"Lucky Auto Repairing Garage","shop":"car_repair"}},{"type":"Feature","geometry":{"type":"Point","coordinates":[55.245692,25.164398]},"properties":{"name":"ADNOC Oasis","shop":"convenience"}},{"type":"Feature","geometry":{"type":"Point","coordinates":[55.217478,25.13242]},"properties":{"name":"A To Z World Hospitality Supplies","shop":"bed"}},{"type":"Feature","geometry":{"type":"Point","coordinates":[55.22619,25.183552]},"properties":{"name":"5asec UAE","shop":"laundry"}},{"type":"Feature","geometry":{"type":"Point","coordinates":[55.221632,25.124436]},"properties":{"name":"Jano Auto Repairing","shop":"car_repair"}},{"type":"Feature","geometry":{"type":"Point","coordinates":[55.213677,25.129109]},"properties":{"name":"Robtech Autocare","shop":"car_repair"}},{"type":"Feature","geometry":{"type":"Point","coordinates":[55.192856,25.143221]},"properties":{"shop":"convenience"}},{"type":"Feature","geometry":{"type":"Point","coordinates":[55.19564,25.116375]},"properties":{"name":"Carrefour Market","shop":"supermarket"}},{"type":"Feature","geometry":{"type":"Point","coordinates":[55.191417,25.11468]},"properties":{"name":"Karakeeb Outlet","shop":"yes"}},{"type":"Feature","geometry":{"type":"Point","coordinates":[55.188657,25.111805]},"properties":{"name":"Merqab Gents Salon","shop":"hairdresser"}},{"type":"Feature","geometry":{"type":"Point","coordinates":[55.203394,25.115027]},"properties":{"name":"Brought Market grocery","shop":"convenience"}},{"type":"Feature","geometry":{"type":"Point","coordinates":[55.208844,25.117782]},"properties":{"name":"Lube Centre","shop":"car_repair"}},{"type":"Feature","geometry":{"type":"Point","coordinates":[55.20301,25.115803]},"properties":{"name":"Style 360","shop":"hairdresser"}},{"type":"Feature","geometry":{"type":"Point","coordinates":[55.203057,25.115904]},"properties":{"name":"Meral Gift","shop":"yes"}},{"type":"Feature","geometry":{"type":"Point","coordinates":[55.205702,25.116811]},"properties":{"name":"Al Adil","shop":"convenience"}},{"type":"Feature","geometry":{"type":"Point","coordinates":[55.20528,25.116893]},"properties":{"name":"Regal Garments","shop":"clothes"}},{"type":"Feature","geometry":{"type":"Point","coordinates":[55.205344,25.116855]},"properties":{"name":"Collage Garments & tailoring","shop":"clothes"}},{"type":"Feature","geometry":{"type":"Point","coordinates":[55.205448,25.11677]},"properties":{"name":"The Garden Centre","shop":"garden_centre"}},{"type":"Feature","geometry":{"type":"Point","coordinates":[55.205537,25.116707]},"properties":{"name":"Sweet Surprises","shop":"party"}},{"type":"Feature","geometry":{"type":"Point","coordinates":[55.261361,25.187721]},"properties":{"name":"Wmart","shop":"supermarket"}},{"type":"Feature","geometry":{"type":"Point","coordinates":[55.266713,25.187453]},"properties":{"name":"Invictus Star Technology","shop":"computer"}},{"type":"Feature","geometry":{"type":"Point","coordinates":[55.241658,25.132287]},"properties":{"name":"No Limit Auto Repair","shop":"car_repair"}},{"type":"Feature","geometry":{"type":"Point","coordinates":[55.205175,25.126284]},"properties":{"name":"Qaser Al Mazaj Tobacco & Smoking Requisites","shop":"tobacco"}},{"type":"Feature","geometry":{"type":"Point","coordinates":[55.247245,25.197046]},"properties":{"name":"Let's Vape","shop":"e-cigarette"}},{"type":"Feature","geometry":{"type":"Point","coordinates":[55.195953,25.126078]},"properties":{"name":"\u042d\u043a\u0441\u043a\u0443\u0440\u0441\u0438\u044f \u043d\u0430 \u0432\u0435\u0440\u0442\u043e\u043b\u0451\u0442\u0435 \u0414\u0443\u0431\u0430\u0439","shop":"ticket"}},{"type":"Feature","geometry":{"type":"Point","coordinates":[55.201285,25.118515]},"properties":{"name":"Yateem","shop":"optician"}},{"type":"Feature","geometry":{"type":"Point","coordinates":[55.185149,25.133225]},"properties":{"name":"Yateem","shop":"optician"}},{"type":"Feature","geometry":{"type":"Point","coordinates":[55.214627,25.124144]},"properties":{"name":"Vendetta","shop":"car_repair"}},{"type":"Feature","geometry":{"type":"Point","coordinates":[55.266831,25.187462]},"properties":{"name":"Shisha Art","shop":"tobacco"}},{"type":"Feature","geometry":{"type":"Point","coordinates":[55.248625,25.138857]},"properties":{"name":"Dar Al Madina Garage","shop":"car_repair"}},{"type":"Feature","geometry":{"type":"Point","coordinates":[55.2096,25.123747]},"properties":{"name":"AAA Service Centre","shop":"car_repair"}},{"type":"Feature","geometry":{"type":"Point","coordinates":[55.202983,25.118732]},"properties":{"name":"Go Sport","shop":"sports"}},{"type":"Feature","geometry":{"type":"Point","coordinates":[55.234347,25.155015]},"properties":{"name":"Tabeer Homes","shop":"furniture"}},{"type":"Feature","geometry":{"type":"Point","coordinates":[55.249662,25.200467]},"properties":{"name":"Forever Rose London","shop":"florist"}},{"type":"Feature","geometry":{"type":"Point","coordinates":[55.268749,25.180593]},"properties":{"name":"Dream Dubai","shop":"travel_agency"}},{"type":"Feature","geometry":{"type":"Point","coordinates":[55.223844,25.111629]},"properties":{"name":"Technoden Motors Garage","shop":"car_repair"}},{"type":"Feature","geometry":{"type":"Point","coordinates":[55.223733,25.111492]},"properties":{"name":"Max Garage","shop":"car_repair"}},{"type":"Feature","geometry":{"type":"Point","coordinates":[55.207911,25.117514]},"properties":{"name":"Britstar Mobiles","shop":"mobile_phone"}},{"type":"Feature","geometry":{"type":"Point","coordinates":[55.198577,25.14467]},"properties":{"name":"Meyan Mall","shop":"mall"}},{"type":"Feature","geometry":{"type":"Point","coordinates":[55.200902,25.119525]},"properties":{"name":"Let's Vape Electronic Cigarettes & Accessories","shop":"e-cigarette"}},{"type":"Feature","geometry":{"type":"Point","coordinates":[55.202075,25.118713]},"properties":{"name":"Hanayen","shop":"clothes"}},{"type":"Feature","geometry":{"type":"Point","coordinates":[55.227628,25.12997]},"properties":{"name":"Landmax Auto Service Center","shop":"car_repair"}},{"type":"Feature","geometry":{"type":"Point","coordinates":[55.224463,25.180249]},"properties":{"name":"Gaga Medical & Aesthetic Center","shop":"medical_supply"}},{"type":"Feature","geometry":{"type":"Point","coordinates":[55.221697,25.115884]},"properties":{"name":"Art & Craft Furniture","shop":"furniture"}},{"type":"Feature","geometry":{"type":"Point","coordinates":[55.26579,25.190117]},"properties":{"name":"Mehr Mah Beauty","shop":"beauty"}},{"type":"Feature","geometry":{"type":"Point","coordinates":[55.194595,25.113537]},"properties":{"name":"Beauty Lounge Ladies Salon","shop":"beauty"}},{"type":"Feature","geometry":{"type":"Point","coordinates":[55.247175,25.17649]},"properties":{"name":"Trek","shop":"bicycle"}},{"type":"Feature","geometry":{"type":"Point","coordinates":[55.236726,25.165144]},"properties":{"name":"Pearl Motors","shop":"car"}},{"type":"Feature","geometry":{"type":"Point","coordinates":[55.239849,25.189044]},"properties":{"name":"\u0645\u0643\u062a\u0628\u0629 \u0648\u062a\u0633\u062c\u064a\u0644\u0627\u062a \u0627\u0644\u0628\u0644\u0627\u063a","shop":"books"}},{"type":"Feature","geometry":{"type":"Point","coordinates":[55.2139,25.152513]},"properties":{"name":"Eman ladies beauty salon","shop":"beauty"}},{"type":"Feature","geometry":{"type":"Point","coordinates":[55.209457,25.161351]},"properties":{"name":"SAI Kitchen & Wardrobes Showroom","shop":"furniture"}},{"type":"Feature","geometry":{"type":"Point","coordinates":[55.256267,25.189176]},"properties":{"name":"UAE Storages","shop":"storage_rental"}},{"type":"Feature","geometry":{"type":"Point","coordinates":[55.224199,25.14449]},"properties":{"name":"The Car Vault, Dubai","shop":"car"}},{"type":"Feature","geometry":{"type":"Point","coordinates":[55.221359,25.143591]},"properties":{"name":"Maximus Sport","shop":"sports"}},{"type":"Feature","geometry":{"type":"Point","coordinates":[55.23435,25.17879]},"properties":{"name":"Yinyang Connection Spa","shop":"massage"}},{"type":"Feature","geometry":{"type":"Point","coordinates":[55.255416,25.184169]},"properties":{"name":"The Leaf Master","shop":"tobacco"}},{"type":"Feature","geometry":{"type":"Point","coordinates":[55.265857,25.190782]},"properties":{"shop":"mobile_phone"}},{"type":"Feature","geometry":{"type":"Point","coordinates":[55.262146,25.191936]},"properties":{"shop":"massage"}},{"type":"Feature","geometry":{"type":"Point","coordinates":[55.26215,25.192373]},"properties":{"shop":"supermarket"}},{"type":"Feature","geometry":{"type":"Point","coordinates":[55.245584,25.194384]},"properties":{"name":"DAS","shop":"clothes"}},{"type":"Feature","geometry":{"type":"Point","coordinates":[55.222119,25.144467]},"properties":{"name":"Adidas","shop":"sports"}},{"type":"Feature","geometry":{"type":"Point","coordinates":[55.22475,25.138655]},"properties":{"name":"Grocery G","shop":"convenience"}},{"type":"Feature","geometry":{"type":"Point","coordinates":[55.244309,25.138697]},"properties":{"name":"Mechanic on the Go | Mobile Auto Mechanici Dubai","shop":"car_repair"}},{"type":"Feature","geometry":{"type":"Point","coordinates":[55.247778,25.197784]},"properties":{"name":"Fine Blooms","shop":"florist"}},{"type":"Feature","geometry":{"type":"Point","coordinates":[55.23255,25.14873]},"properties":{"shop":"car_repair"}},{"type":"Feature","geometry":{"type":"Point","coordinates":[55.206701,25.122746]},"properties":{"name":"Al Tayer Motors, Jaguar","shop":"car"}},{"type":"Feature","geometry":{"type":"Point","coordinates":[55.207216,25.122687]},"properties":{"name":"Al Tayer Motors, Lincoln","shop":"car"}},{"type":"Feature","geometry":{"type":"Point","coordinates":[55.207227,25.122746]},"properties":{"name":"Al Tayer Motors, Ford","shop":"car"}},{"type":"Feature","geometry":{"type":"Point","coordinates":[55.221094,25.142026]},"properties":{"name":"Al Tayer Motors, Land Rover","shop":"car"}},{"type":"Feature","geometry":{"type":"Point","coordinates":[55.21895,25.142952]},"properties":{"name":"Al Tayer Motors, Ferrari","shop":"car"}},{"type":"Feature","geometry":{"type":"Point","coordinates":[55.207796,25.123528]},"properties":{"name":"Al Tayer Motors, Maserati","shop":"car"}},{"type":"Feature","geometry":{"type":"Point","coordinates":[55.219069,25.143156]},"properties":{"name":"Al Tayer Motors, Maserati","shop":"car"}},{"type":"Feature","geometry":{"type":"Point","coordinates":[55.205419,25.111986]},"properties":{"name":"Optic+","shop":"optician"}},{"type":"Feature","geometry":{"type":"Point","coordinates":[55.206401,25.14316]},"properties":{"name":"\u0623\u062d\u0645\u062f \u0627\u0644\u0645\u063a\u0631\u0628\u064a \u0644\u0644\u0639\u0637\u0648\u0631","shop":"perfumery"}},{"type":"Feature","geometry":{"type":"Point","coordinates":[55.239096,25.187375]},"properties":{"name":"Ahmed Al Maghribi","shop":"perfumery"}},{"type":"Feature","geometry":{"type":"Point","coordinates":[55.207106,25.118834]},"properties":{"name":"Party World","shop":"party"}},{"type":"Feature","geometry":{"type":"Point","coordinates":[55.221927,25.144547]},"properties":{"shop":"clothes"}},{"type":"Feature","geometry":{"type":"Point","coordinates":[55.222381,25.13853]},"properties":{"name":"Al Meeraj Auto Repairing Workshop","shop":"car_repair"}},{"type":"Feature","geometry":{"type":"Point","coordinates":[55.203732,25.125642]},"properties":{"name":"Bentley","shop":"car"}},{"type":"Feature","geometry":{"type":"Point","coordinates":[55.247659,25.197613]},"properties":{"name":"Chocoboun","shop":"chocolate"}},{"type":"Feature","geometry":{"type":"Point","coordinates":[55.226735,25.152208]},"properties":{"name":"800 Sport","shop":"sports"}},{"type":"Feature","geometry":{"type":"Point","coordinates":[55.24396,25.128971]},"properties":{"name":"Apex Auto Garage","shop":"car_repair"}},{"type":"Feature","geometry":{"type":"Point","coordinates":[55.232397,25.160522]},"properties":{"name":"Kit & Kaboodle","shop":"furniture"}},{"type":"Feature","geometry":{"type":"Point","coordinates":[55.22648,25.150979]},"properties":{"name":"Premium Motors","shop":"car"}},{"type":"Feature","geometry":{"type":"Point","coordinates":[55.224149,25.17187]},"properties":{"name":"Tayi","shop":"massage"}},{"type":"Feature","geometry":{"type":"Point","coordinates":[55.205527,25.126774]},"properties":{"shop":"car"}},{"type":"Feature","geometry":{"type":"Point","coordinates":[55.245167,25.176796]},"properties":{"name":"Mansory","shop":"car"}},{"type":"Feature","geometry":{"type":"Point","coordinates":[55.241206,25.185551]},"properties":{"name":"Tayba Gourmet","shop":"butcher"}},{"type":"Feature","geometry":{"type":"Point","coordinates":[55.207336,25.120052]},"properties":{"name":"Brands For Less","shop":"variety_store"}},{"type":"Feature","geometry":{"type":"Point","coordinates":[55.245137,25.193349]},"properties":{"name":"MK Barber Shop","shop":"hairdresser"}},{"type":"Feature","geometry":{"type":"Point","coordinates":[55.209715,25.12742]},"properties":{"name":"Tesla - Sheikh Zayed Rd","shop":"car"}},{"type":"Feature","geometry":{"type":"Point","coordinates":[55.214841,25.153926]},"properties":{"name":"CKK Spa","shop":"massage"}},{"type":"Feature","geometry":{"type":"Point","coordinates":[55.214977,25.154087]},"properties":{"name":"Yutopia","shop":"yes"}},{"type":"Feature","geometry":{"type":"Point","coordinates":[55.242218,25.169211]},"properties":{"name":"Daiso Japan","shop":"houseware"}},{"type":"Feature","geometry":{"type":"Point","coordinates":[55.228385,25.154853]},"properties":{"name":"Day To Day Hypermarket","shop":"supermarket"}},{"type":"Feature","geometry":{"type":"Point","coordinates":[55.188961,25.138868]},"properties":{"shop":"gift"}},{"type":"Feature","geometry":{"type":"Point","coordinates":[55.248306,25.198646]},"properties":{"name":"Mad Kicks","shop":"shoes"}},{"type":"Feature","geometry":{"type":"Point","coordinates":[55.249279,25.20006]},"properties":{"name":"Scorpion","shop":"hookah"}},{"type":"Feature","geometry":{"type":"Point","coordinates":[55.248445,25.198866]},"properties":{"name":"QKO Asian Market","shop":"convenience"}},{"type":"Feature","geometry":{"type":"Point","coordinates":[55.24993,25.200979]},"properties":{"name":"Idealz","shop":"lottery"}},{"type":"Feature","geometry":{"type":"Point","coordinates":[55.224983,25.114318]},"properties":{"name":"MPG Max Performance Garage","shop":"car_repair"}},{"type":"Feature","geometry":{"type":"Point","coordinates":[55.248486,25.198154]},"properties":{"name":"\u0645\u0643\u062a\u0628\u0629 \u0643\u0644\u0645\u0627\u062a","shop":"books"}},{"type":"Feature","geometry":{"type":"Point","coordinates":[55.247362,25.197367]},"properties":{"name":"Orchestra Megastore","shop":"musical_instrument"}},{"type":"Feature","geometry":{"type":"Point","coordinates":[55.23875,25.186026]},"properties":{"name":"\u0645\u0643\u062a\u0628\u0629 \u062f\u0628\u064a \u0644\u0644\u062a\u0648\u0632\u064a\u0639","shop":"stationery"}},{"type":"Feature","geometry":{"type":"Point","coordinates":[55.205434,25.114755]},"properties":{"name":"Al Amin Opticals","shop":"optician"}},{"type":"Feature","geometry":{"type":"Point","coordinates":[55.216117,25.117052]},"properties":{"name":"\u0627\u0644\u0633\u062f \u0644\u0645\u0648\u0627\u062f \u0627\u0644\u0628\u0646\u0627\u0621","shop":"hardware"}},{"type":"Feature","geometry":{"type":"Point","coordinates":[55.215513,25.117419]},"properties":{"name":"JASI Building Materials Trading","shop":"paint"}},{"type":"Feature","geometry":{"type":"Point","coordinates":[55.228227,25.168309]},"properties":{"name":"Tailor & Tweak","shop":"tailor"}},{"type":"Feature","geometry":{"type":"Point","coordinates":[55.227985,25.168674]},"properties":{"name":"Athletes Co.","shop":"sports"}},{"type":"Feature","geometry":{"type":"Point","coordinates":[55.22845,25.168264]},"properties":{"name":"Champion Cleaners Centre","shop":"laundry"}},{"type":"Feature","geometry":{"type":"Point","coordinates":[55.228154,25.168561]},"properties":{"name":"Bath & Body Works","shop":"cosmetics"}},{"type":"Feature","geometry":{"type":"Point","coordinates":[55.228465,25.16836]},"properties":{"name":"Typo","shop":"stationery"}},{"type":"Feature","geometry":{"type":"Point","coordinates":[55.228163,25.168353]},"properties":{"name":"Minutes","shop":"repair"}},{"type":"Feature","geometry":{"type":"Point","coordinates":[55.227877,25.16854]},"properties":{"name":"Pet's Delight","shop":"pet"}},{"type":"Feature","geometry":{"type":"Point","coordinates":[55.228071,25.168618]},"properties":{"name":"Mumoso","shop":"fashion_accessories"}},{"type":"Feature","geometry":{"type":"Point","coordinates":[55.22831,25.168459]},"properties":{"name":"Lunettes","shop":"optician"}},{"type":"Feature","geometry":{"type":"Point","coordinates":[55.208138,25.118007]},"properties":{"name":"Zoom","shop":"convenience"}},{"type":"Feature","geometry":{"type":"Point","coordinates":[55.241917,25.169784]},"properties":{"name":"PETME","shop":"pet_grooming"}},{"type":"Feature","geometry":{"type":"Point","coordinates":[55.234364,25.161596]},"properties":{"name":"PETME - Al Quoz","shop":"pet_grooming"}},{"type":"Feature","geometry":{"type":"Point","coordinates":[55.216245,25.128098]},"properties":{"name":"Am One & Only","shop":"car"}},{"type":"Feature","geometry":{"type":"Point","coordinates":[55.235246,25.165917]},"properties":{"name":"Exotic Cars","shop":"car"}},{"type":"Feature","geometry":{"type":"Point","coordinates":[55.187057,25.111604]},"properties":{"name":"Toys For Less","shop":"toys"}},{"type":"Feature","geometry":{"type":"Point","coordinates":[55.187239,25.111732]},"properties":{"name":"Happy Deals","shop":"variety_store"}},{"type":"Feature","geometry":{"type":"Point","coordinates":[55.187118,25.111646]},"properties":{"name":"Brands For Less","shop":"variety_store"}},{"type":"Feature","geometry":{"type":"Point","coordinates":[55.227774,25.168568]},"properties":{"name":"Super Trim","shop":"hairdresser"}},{"type":"Feature","geometry":{"type":"Point","coordinates":[55.227904,25.168729]},"properties":{"name":"Tavola","shop":"houseware"}},{"type":"Feature","geometry":{"type":"Point","coordinates":[55.216008,25.173184]},"properties":{"name":"Al Masdeena Mini Mart","shop":"convenience"}},{"type":"Feature","geometry":{"type":"Point","coordinates":[55.198819,25.118337]},"properties":{"name":"NE Store","shop":"shoes"}},{"type":"Feature","geometry":{"type":"Point","coordinates":[55.236488,25.114187]},"properties":{"name":"\u062c\u0631\u0627\u0646 \u062a\u0648\u0631\u064a\u0633\u0645\u0648 \u0644\u0625\u0635\u0644\u0627\u062d \u0627\u0644\u0645\u0631\u0643\u0628\u0627\u062a","shop":"car_repair"}},{"type":"Feature","geometry":{"type":"Point","coordinates":[55.216397,25.127595]},"properties":{"name":"Auto","shop":"car_parts"}},{"type":"Feature","geometry":{"type":"Point","coordinates":[55.191394,25.113221]},"properties":{"shop":"supermarket"}},{"type":"Feature","geometry":{"type":"Point","coordinates":[55.192124,25.112677]},"properties":{"name":"Viva","shop":"supermarket"}},{"type":"Feature","geometry":{"type":"Point","coordinates":[55.199191,25.123217]},"properties":{"name":"House of pops","shop":"ice_cream"}},{"type":"Feature","geometry":{"type":"Point","coordinates":[55.209233,25.165812]},"properties":{"name":"House of pops","shop":"ice_cream"}},{"type":"Feature","geometry":{"type":"Point","coordinates":[55.22908,25.173237]},"properties":{"name":"Carrefour","shop":"supermarket"}},{"type":"Feature","geometry":{"type":"Point","coordinates":[55.24682,25.196493]},"properties":{"name":"Dantone Home","shop":"furniture"}},{"type":"Feature","geometry":{"type":"Point","coordinates":[55.191466,25.140181]},"properties":{"name":"Dima","shop":"laundry"}},{"type":"Feature","geometry":{"type":"Point","coordinates":[55.236736,25.142837]},"properties":{"name":"Atmg","shop":"car_repair"}},{"type":"Feature","geometry":{"type":"Point","coordinates":[55.225042,25.12598]},"properties":{"name":"Dima","shop":"laundry"}},{"type":"Feature","geometry":{"type":"Point","coordinates":[55.213768,25.131514]},"properties":{"name":"Koala Living","shop":"furniture"}},{"type":"Feature","geometry":{"type":"Point","coordinates":[55.225281,25.147081]},"properties":{"name":"LED World","shop":"hardware"}},{"type":"Feature","geometry":{"type":"Point","coordinates":[55.259723,25.188609]},"properties":{"name":"Al Fanar Laundry","shop":"laundry"}},{"type":"Feature","geometry":{"type":"Point","coordinates":[55.242872,25.171809]},"properties":{"name":"JAC Motors","shop":"car"}},{"type":"Feature","geometry":{"type":"Point","coordinates":[55.220883,25.142858]},"properties":{"name":"Stoub.biz Motors","shop":"car"}},{"type":"Feature","geometry":{"type":"Point","coordinates":[55.25942,25.188798]},"properties":{"name":"Chitiramas","shop":"convenience"}},{"type":"Feature","geometry":{"type":"Point","coordinates":[55.261625,25.191401]},"properties":{"name":"Safestway Supermarket","shop":"supermarket"}},{"type":"Feature","geometry":{"type":"Point","coordinates":[55.267277,25.19796]},"properties":{"name":"Grassitup","shop":"furniture"}},{"type":"Feature","geometry":{"type":"Point","coordinates":[55.262924,25.188675]},"properties":{"name":"Bo Barbershop","shop":"hairdresser"}},{"type":"Feature","geometry":{"type":"Point","coordinates":[55.259668,25.186055]},"properties":{"name":"Rich Supermarket","shop":"supermarket"}},{"type":"Feature","geometry":{"type":"Point","coordinates":[55.241161,25.162023]},"properties":{"name":"8BA Motors","shop":"car"}},{"type":"Feature","geometry":{"type":"Point","coordinates":[55.235781,25.117721]},"properties":{"name":"Shutters Dubai","shop":"furniture"}},{"type":"Feature","geometry":{"type":"Point","coordinates":[55.235737,25.117671]},"properties":{"name":"Two Guys Home Furnishings LLC","shop":"furniture"}},{"type":"Feature","geometry":{"type":"Point","coordinates":[55.246604,25.178639]},"properties":{"name":"ZORUMI","shop":"hairdresser"}},{"type":"Feature","geometry":{"type":"Point","coordinates":[55.218464,25.112983]},"properties":{"name":"Samir Odeh & Sons Trading","shop":"car_parts"}},{"type":"Feature","geometry":{"type":"Point","coordinates":[55.270524,25.197897]},"properties":{"name":"G\u00e9ant","shop":"supermarket"}},{"type":"Feature","geometry":{"type":"Point","coordinates":[55.235709,25.117632]},"properties":{"name":"Blinds & Curtains Dubai","shop":"window_blind"}},{"type":"Feature","geometry":{"type":"Point","coordinates":[55.228054,25.135713]},"properties":{"name":"Sharmax Motors - Motorcycles, Buggy and Quad bikes Shop","shop":"motorcycle"}},{"type":"Feature","geometry":{"type":"Point","coordinates":[55.20939,25.125911]},"properties":{"shop":"watches"}},{"type":"Feature","geometry":{"type":"Point","coordinates":[55.267728,25.19444]},"properties":{"shop":"massage"}},{"type":"Feature","geometry":{"type":"Point","coordinates":[55.259856,25.172494]},"properties":{"name":"Arab Sweets","shop":"confectionery"}},{"type":"Feature","geometry":{"type":"Point","coordinates":[55.246722,25.114272]},"properties":{"name":"Spinneys","shop":"supermarket"}},{"type":"Feature","geometry":{"type":"Point","coordinates":[55.263607,25.193792]},"properties":{"name":"Spinneys","shop":"supermarket"}},{"type":"Feature","geometry":{"type":"Point","coordinates":[55.267215,25.178016]},"properties":{"name":"Info Tech Middle East","shop":"security"}},{"type":"Feature","geometry":{"type":"Point","coordinates":[55.237037,25.159541]},"properties":{"name":"Europcar","shop":"car"}},{"type":"Feature","geometry":{"type":"Point","coordinates":[55.248901,25.113053]},"properties":{"name":"Carrefour Market","shop":"supermarket"}},{"type":"Feature","geometry":{"type":"Point","coordinates":[55.222031,25.144231]},"properties":{"name":"Dourado Luxury Car","shop":"car"}},{"type":"Feature","geometry":{"type":"Point","coordinates":[55.222891,25.145971]},"properties":{"name":"Sara Showroom","shop":"bathroom_furnishing"}},{"type":"Feature","geometry":{"type":"Point","coordinates":[55.215586,25.13294]},"properties":{"name":"MW Motors","shop":"car"}},{"type":"Feature","geometry":{"type":"Point","coordinates":[55.215563,25.117913]},"properties":{"name":"Petromin Express","shop":"car_repair"}},{"type":"Feature","geometry":{"type":"Point","coordinates":[55.186941,25.132834]},"properties":{"name":"Shoofli Hal Gents Salon","shop":"barbarshop"}},{"type":"Feature","geometry":{"type":"Point","coordinates":[55.218656,25.13108]},"properties":{"name":"Eurogulf","shop":"car_repair"}},{"type":"Feature","geometry":{"type":"Point","coordinates":[55.244904,25.19336]},"properties":{"name":"GMT Watches & Jewellery","shop":"jewelry"}},{"type":"Feature","geometry":{"type":"Point","coordinates":[55.245605,25.194354]},"properties":{"name":"\u0634\u0627\u0645\u062e \u0644\u0644\u062e\u064a\u0627\u0637\u0629 \u0627\u0644\u0631\u062c\u0627\u0644\u064a\u0629","shop":"clothes"}},{"type":"Feature","geometry":{"type":"Point","coordinates":[55.24501,25.193176]},"properties":{"name":"F.Lounge","shop":"clothes"}},{"type":"Feature","geometry":{"type":"Point","coordinates":[55.24554,25.194262]},"properties":{"name":"Artigiano","shop":"shoes"}},{"type":"Feature","geometry":{"type":"Point","coordinates":[55.244968,25.193443]},"properties":{"shop":"clothes"}},{"type":"Feature","geometry":{"type":"Point","coordinates":[55.245289,25.193908]},"properties":{"name":"GMT Watches & Jewellery","shop":"jewelry"}},{"type":"Feature","geometry":{"type":"Point","coordinates":[55.244844,25.193275]},"properties":{"name":"Asjad","shop":"clothes"}},{"type":"Feature","geometry":{"type":"Point","coordinates":[55.245491,25.193861]},"properties":{"name":"\u062f\u0627\u0631 \u0633\u0644\u0627\u0645\u0629","shop":"clothes"}},{"type":"Feature","geometry":{"type":"Point","coordinates":[55.245075,25.193268]},"properties":{"name":"Murier Chocolate","shop":"chocolate"}},{"type":"Feature","geometry":{"type":"Point","coordinates":[55.245385,25.194049]},"properties":{"name":"BEYOU Boutique","shop":"clothes"}},{"type":"Feature","geometry":{"type":"Point","coordinates":[55.245201,25.193443]},"properties":{"name":"Caro Ladies Beauty Center & Spa","shop":"hairdresser"}},{"type":"Feature","geometry":{"type":"Point","coordinates":[55.245568,25.193975]},"properties":{"name":"Fiz Boutique","shop":"clothes"}},{"type":"Feature","geometry":{"type":"Point","coordinates":[55.245626,25.194058]},"properties":{"name":"Code Eight Dubai","shop":"clothes"}},{"type":"Feature","geometry":{"type":"Point","coordinates":[55.238344,25.184561]},"properties":{"name":"Cedar Gents Salon","shop":"hairdresser"}},{"type":"Feature","geometry":{"type":"Point","coordinates":[55.247202,25.196982]},"properties":{"name":"Sindi","shop":"clothes"}},{"type":"Feature","geometry":{"type":"Point","coordinates":[55.233125,25.172235]},"properties":{"name":"Nashwan Tailoring & Embroidery","shop":"tailor"}},{"type":"Feature","geometry":{"type":"Point","coordinates":[55.219591,25.139917]},"properties":{"name":"Viva","shop":"supermarket"}},{"type":"Feature","geometry":{"type":"Point","coordinates":[55.190125,25.144834]},"properties":{"name":"Sunseeker","shop":"boat"}},{"type":"Feature","geometry":{"type":"Point","coordinates":[55.235601,25.146239]},"properties":{"name":"Boggs Garage","shop":"car_repair"}},{"type":"Feature","geometry":{"type":"Point","coordinates":[55.199919,25.119078]},"properties":{"name":"Hamleys","shop":"toys"}},{"type":"Feature","geometry":{"type":"Point","coordinates":[55.193538,25.112931]},"properties":{"name":"Flora Gifts Centre","shop":"gift"}},{"type":"Feature","geometry":{"type":"Point","coordinates":[55.221424,25.115269]},"properties":{"shop":"car_repair"}},{"type":"Feature","geometry":{"type":"Point","coordinates":[55.265914,25.190976]},"properties":{"name":"V Perfumes","shop":"cosmetics"}},{"type":"Feature","geometry":{"type":"Point","coordinates":[55.224566,25.14264]},"properties":{"name":"bkry","shop":"bakery"}},{"type":"Feature","geometry":{"type":"Point","coordinates":[55.217011,25.127925]},"properties":{"name":"\u0634\u0631\u0643\u0629 \u0647\u0648\u0632 \u0625\u0643\u0633\u0628\u0631\u064a\u0633 \u0627\u0644\u0634\u0631\u0642 \u0627\u0644\u0623\u0648\u0633\u0637 \u0630.\u0645.\u0645","shop":"hardware"}},{"type":"Feature","geometry":{"type":"Point","coordinates":[55.265093,25.198655]},"properties":{"name":"Avenue By Day to Day","shop":"yes"}},{"type":"Feature","geometry":{"type":"Point","coordinates":[55.20562,25.11694]},"properties":{"name":"Viva","shop":"supermarket"}},{"type":"Feature","geometry":{"type":"Point","coordinates":[55.22208,25.13855]},"properties":{"name":"Microless","shop":"computer"}},{"type":"Feature","geometry":{"type":"Point","coordinates":[55.212464,25.121021]},"properties":{"name":"Q East By Alphabeta","shop":"mall"}},{"type":"Feature","geometry":{"type":"Point","coordinates":[55.218086,25.141663]},"properties":{"name":"Lotus Dubai Showroom","shop":"car"}},{"type":"Feature","geometry":{"type":"Point","coordinates":[55.264572,25.188747]},"properties":{"name":"drinkit","shop":"coffee"}},{"type":"Feature","geometry":{"type":"Point","coordinates":[55.264609,25.188806]},"properties":{"name":"Bay Laundry","shop":"laundry"}},{"type":"Feature","geometry":{"type":"Point","coordinates":[55.264608,25.188704]},"properties":{"name":"Perfect Fix","shop":"electronics"}},{"type":"Feature","geometry":{"type":"Point","coordinates":[55.227583,25.168727]},"properties":{"name":"Homesmiths","shop":"houseware"}},{"type":"Feature","geometry":{"type":"Point","coordinates":[55.240868,25.148692]},"properties":{"name":"Gargash mer-benz Al quoz","shop":"car"}},{"type":"Feature","geometry":{"type":"Point","coordinates":[55.224186,25.116316]},"properties":{"name":"Dynamech Performance","shop":"car_repair"}},{"type":"Feature","geometry":{"type":"Point","coordinates":[55.225363,25.141768]},"properties":{"name":"Nappa dori","shop":"leather"}},{"type":"Feature","geometry":{"type":"Point","coordinates":[55.192214,25.113115]},"properties":{"name":"Baba Barber Shop","shop":"hairdresser"}},{"type":"Feature","geometry":{"type":"Point","coordinates":[55.192142,25.113088]},"properties":{"name":"Wise Buy","shop":"convenience"}},{"type":"Feature","geometry":{"type":"Point","coordinates":[55.192086,25.113059]},"properties":{"name":"Baba Express","shop":"laundry"}},{"type":"Feature","geometry":{"type":"Point","coordinates":[55.191977,25.112995]},"properties":{"name":"Star Plus","shop":"beauty"}},{"type":"Feature","geometry":{"type":"Point","coordinates":[55.190869,25.111774]},"properties":{"name":"Magic Gardens","shop":"beauty"}},{"type":"Feature","geometry":{"type":"Point","coordinates":[55.190909,25.111606]},"properties":{"name":"Pout","shop":"beauty"}},{"type":"Feature","geometry":{"type":"Point","coordinates":[55.22293,25.143749]},"properties":{"name":"OlPart Car Parts UAE","shop":"car_parts"}},{"type":"Feature","geometry":{"type":"Point","coordinates":[55.214701,25.12369]},"properties":{"name":"Lush Loom Carpets & Curtains","shop":"curtain"}},{"type":"Feature","geometry":{"type":"Point","coordinates":[55.23767,25.160279]},"properties":{"name":"Eurogulf","shop":"car_repair"}},{"type":"Feature","geometry":{"type":"Point","coordinates":[55.214026,25.123181]},"properties":{"name":"Fix It Auto Glass","shop":"car_repair"}},{"type":"Feature","geometry":{"type":"Point","coordinates":[55.204628,25.112209]},"properties":{"name":"Yousif Ibrahim bakery","shop":"bakery"}},{"type":"Feature","geometry":{"type":"Point","coordinates":[55.248986,25.134843]},"properties":{"name":"Detail Empire Trading L.L.C","shop":"car_repair"}},{"type":"Feature","geometry":{"type":"Point","coordinates":[55.266294,25.184353]},"properties":{"name":"Layla Flowers","shop":"florist"}},{"type":"Feature","geometry":{"type":"Point","coordinates":[55.266581,25.184833]},"properties":{"name":"First Class Laundry","shop":"dry_cleaning"}},{"type":"Feature","geometry":{"type":"Point","coordinates":[55.266622,25.184697]},"properties":{"name":"Rerotti","shop":"hairdresser"}},{"type":"Feature","geometry":{"type":"Point","coordinates":[55.267194,25.185403]},"properties":{"name":"Spinneys","shop":"supermarket"}},{"type":"Feature","geometry":{"type":"MultiPolygon","coordinates":[[[[55.211655,25.126723],[55.211891,25.127012],[55.212825,25.126385],[55.212589,25.126097],[55.211655,25.126723]]],[[[55.211867,25.127099],[55.212204,25.127516],[55.213161,25.126882],[55.212823,25.126465],[55.211867,25.127099]]]]},"properties":{"name":"Modern Bakery","shop":"bakery"}},{"type":"Feature","geometry":{"type":"Polygon","coordinates":[[[55.265128,25.198287],[55.264615,25.198638],[55.265665,25.199917],[55.266148,25.199593],[55.265128,25.198287]]]},"properties":{"name":"Mazaya Shopping Centre","shop":"mall"}},{"type":"Feature","geometry":{"type":"Polygon","coordinates":[[[55.241748,25.168541],[55.2409,25.169154],[55.240929,25.169192],[55.240906,25.169209],[55.240864,25.169197],[55.240829,25.169199],[55.24079,25.169218],[55.240769,25.169251],[55.240758,25.169292],[55.240766,25.169332],[55.240793,25.16937],[55.240841,25.169381],[55.240884,25.169373],[55.240977,25.169518],[55.24116,25.169518],[55.241274,25.169782],[55.241382,25.169901],[55.241633,25.17003],[55.241616,25.170236],[55.241844,25.170469],[55.241999,25.170346],[55.242843,25.169678],[55.241748,25.168541]]]},"properties":{"name":"\u0627\u0644\u0648\u0627\u062d\u0629 \u0645\u0648\u0644","shop":"mall"}},{"type":"Feature","geometry":{"type":"Polygon","coordinates":[[[55.219805,25.140383],[55.219082,25.139477],[55.22028,25.138693],[55.221004,25.139599],[55.219805,25.140383]]]},"properties":{"name":"\u0645\u0631\u0643\u0632 \u062a\u0627\u064a\u0645\u0632 \u0633\u0643\u0648\u064a\u0631","shop":"mall"}},{"type":"Feature","geometry":{"type":"Polygon","coordinates":[[[55.262113,25.195858],[55.262589,25.195509],[55.262206,25.195081],[55.261728,25.195443],[55.262113,25.195858]]]},"properties":{"name":"Al Wasl Centre","shop":"mall"}},{"type":"Feature","geometry":{"type":"Polygon","coordinates":[[[55.191138,25.11323],[55.190854,25.113561],[55.191016,25.113675],[55.1913,25.113344],[55.191138,25.11323]]]},"properties":{"name":"Three60 Communities","shop":"yes"}},{"type":"Feature","geometry":{"type":"Polygon","coordinates":[[[55.232309,25.128979],[55.231988,25.128573],[55.232493,25.128247],[55.232813,25.128653],[55.232309,25.128979]]]},"properties":{"name":"Grand City Mall","shop":"mall"}},{"type":"Feature","geometry":{"type":"Polygon","coordinates":[[[55.203797,25.117924],[55.203676,25.117681],[55.20354,25.117438],[55.203538,25.117389],[55.203066,25.116547],[55.203033,25.116514],[55.202976,25.116502],[55.202962,25.116481],[55.202942,25.116463],[55.202917,25.116451],[55.202891,25.116445],[55.202863,25.11644],[55.202838,25.116429],[55.202815,25.116409],[55.202796,25.116388],[55.202781,25.116363],[55.202498,25.116356],[55.202474,25.116359],[55.202451,25.116364],[55.202428,25.116371],[55.202407,25.116376],[55.202386,25.116378],[55.202365,25.116377],[55.20216,25.116378],[55.202132,25.116374],[55.202104,25.116369],[55.202077,25.116361],[55.202048,25.116353],[55.202019,25.116348],[55.201989,25.116346],[55.201508,25.116329],[55.20113,25.116308],[55.200761,25.116279],[55.200191,25.116225],[55.200139,25.116235],[55.200062,25.116198],[55.199913,25.116172],[55.19978,25.116156],[55.199691,25.116157],[55.199607,25.116153],[55.199523,25.116144],[55.199438,25.116129],[55.199365,25.116111],[55.199237,25.116087],[55.199144,25.116069],[55.19906,25.116056],[55.198972,25.116045],[55.198884,25.116033],[55.198793,25.116019],[55.198694,25.115993],[55.198604,25.115961],[55.198524,25.115934],[55.198445,25.115918],[55.198384,25.115919],[55.198323,25.115928],[55.198276,25.115941],[55.198208,25.115969],[55.198142,25.116012],[55.198072,25.116081],[55.197993,25.116183],[55.197911,25.116292],[55.197943,25.116314],[55.198163,25.11647],[55.198087,25.116524],[55.198026,25.116588],[55.197968,25.116657],[55.19792,25.116732],[55.197865,25.116806],[55.19781,25.11688],[55.197755,25.116954],[55.196718,25.118239],[55.196776,25.118285],[55.196752,25.118315],[55.196737,25.118348],[55.196732,25.118385],[55.196738,25.118421],[55.196754,25.118454],[55.196779,25.118483],[55.196837,25.11853],[55.196927,25.118603],[55.197029,25.118684],[55.197074,25.118721],[55.197187,25.118813],[55.197302,25.118901],[55.197422,25.118985],[55.197545,25.119065],[55.197672,25.11914],[55.197801,25.119211],[55.197885,25.119258],[55.197985,25.119306],[55.198211,25.119417],[55.19832,25.119466],[55.198576,25.119566],[55.198698,25.119608],[55.199079,25.119717],[55.199177,25.119739],[55.199358,25.119775],[55.199541,25.119805],[55.199837,25.119833],[55.201622,25.119958],[55.201859,25.119963],[55.202196,25.119952],[55.202332,25.119945],[55.202568,25.119922],[55.202802,25.11989],[55.203034,25.119848],[55.203264,25.119798],[55.203492,25.119739],[55.204114,25.119535],[55.204167,25.11951],[55.204214,25.119476],[55.204253,25.119434],[55.204281,25.119386],[55.204299,25.119334],[55.204304,25.11928],[55.204298,25.119226],[55.204,25.118394],[55.203956,25.118274],[55.203907,25.118156],[55.203854,25.118039],[55.203797,25.117924]]]},"properties":{"name":"\u0645\u0648\u0644 \u0627\u0644\u0625\u0645\u0627\u0631\u0627\u062a","shop":"mall"}},{"type":"Feature","geometry":{"type":"Polygon","coordinates":[[[55.238922,25.144838],[55.240106,25.144047],[55.240424,25.144437],[55.239239,25.145228],[55.238922,25.144838]]]},"properties":{"name":"Al Sanam Trading","shop":"hardware"}},{"type":"Feature","geometry":{"type":"Polygon","coordinates":[[[55.229418,25.139215],[55.229767,25.138985],[55.229406,25.138536],[55.229323,25.138591],[55.229339,25.138611],[55.229098,25.138769],[55.229235,25.138939],[55.22921,25.138956],[55.229418,25.139215]]]},"properties":{"name":"Antique Museum","shop":"department_store"}},{"type":"Feature","geometry":{"type":"Polygon","coordinates":[[[55.185048,25.132939],[55.184956,25.133041],[55.185067,25.133147],[55.18491,25.133243],[55.184989,25.133353],[55.184958,25.133492],[55.185049,25.133538],[55.185006,25.133627],[55.184878,25.133588],[55.18483,25.133707],[55.184667,25.133673],[55.18465,25.133731],[55.184618,25.133727],[55.184611,25.133798],[55.184708,25.133806],[55.184754,25.133952],[55.184844,25.134117],[55.184992,25.134194],[55.18509,25.134243],[55.185191,25.134203],[55.185289,25.134162],[55.185361,25.134245],[55.185422,25.134324],[55.185512,25.134268],[55.185442,25.134188],[55.185371,25.134105],[55.185359,25.134085],[55.185411,25.134047],[55.185572,25.13411],[55.185604,25.134041],[55.185731,25.13407],[55.185711,25.134118],[55.18581,25.134146],[55.185822,25.134121],[55.186081,25.134208],[55.186155,25.134136],[55.186093,25.134111],[55.186276,25.133957],[55.186123,25.133839],[55.186245,25.133718],[55.186186,25.133553],[55.186411,25.133474],[55.18651,25.133673],[55.186665,25.133753],[55.186781,25.133737],[55.186833,25.133638],[55.186828,25.133601],[55.186814,25.133553],[55.186778,25.133539],[55.186702,25.133527],[55.186652,25.1335],[55.186675,25.133442],[55.186523,25.133406],[55.186486,25.133317],[55.186507,25.133185],[55.18658,25.133124],[55.186557,25.133067],[55.186829,25.133007],[55.186792,25.132893],[55.186699,25.132913],[55.186677,25.132846],[55.186797,25.132814],[55.186708,25.132553],[55.186584,25.132581],[55.186633,25.132693],[55.186329,25.132755],[55.186275,25.13263],[55.185827,25.132742],[55.185841,25.132777],[55.185784,25.132796],[55.185812,25.132866],[55.185752,25.132888],[55.185809,25.133034],[55.185624,25.133101],[55.185592,25.133058],[55.185645,25.133007],[55.18555,25.132924],[55.18559,25.132903],[55.185424,25.132756],[55.185271,25.132835],[55.185162,25.132921],[55.185136,25.132892],[55.185048,25.132939]]]},"properties":{"name":"\u0633\u0648\u0642 \u0645\u062f\u064a\u0646\u0629 \u062c\u0645\u064a\u0631\u0627","shop":"mall"}},{"type":"Feature","geometry":{"type":"Polygon","coordinates":[[[55.222641,25.145625],[55.222958,25.145411],[55.222809,25.14523],[55.222859,25.145197],[55.222712,25.145017],[55.222387,25.145249],[55.222458,25.145326],[55.22248,25.145395],[55.222556,25.145489],[55.222628,25.145536],[55.222641,25.145625]]]},"properties":{"name":"ACE Hardware","shop":"doityourself"}},{"type":"Feature","geometry":{"type":"Polygon","coordinates":[[[55.239038,25.187915],[55.238697,25.187421],[55.238946,25.18728],[55.238996,25.187353],[55.239129,25.187279],[55.239074,25.187199],[55.2394,25.187015],[55.239745,25.187516],[55.239038,25.187915]]]},"properties":{"name":"Union Cooperative Supermarket","shop":"supermarket"}},{"type":"Feature","geometry":{"type":"Polygon","coordinates":[[[55.238914,25.18635],[55.238687,25.186479],[55.239103,25.187077],[55.23933,25.186947],[55.238914,25.18635]]]},"properties":{"name":"Choithram's Supermarket","shop":"supermarket"}},{"type":"Feature","geometry":{"type":"Polygon","coordinates":[[[55.245457,25.149852],[55.245295,25.149651],[55.246144,25.149107],[55.246986,25.148537],[55.247148,25.148739],[55.246079,25.149476],[55.245457,25.149852]]]},"properties":{"name":"Al Khail Mall","shop":"mall"}},{"type":"Feature","geometry":{"type":"Polygon","coordinates":[[[55.245546,25.147953],[55.245807,25.148255],[55.246162,25.148008],[55.246243,25.147613],[55.246154,25.147517],[55.245546,25.147953]]]},"properties":{"name":"Grand Shopping Mall","shop":"mall"}},{"type":"Feature","geometry":{"type":"Polygon","coordinates":[[[55.229779,25.155872],[55.229185,25.156268],[55.229074,25.156064],[55.229003,25.155995],[55.228998,25.15585],[55.229064,25.155755],[55.229188,25.155708],[55.229269,25.155626],[55.229422,25.155527],[55.229496,25.155531],[55.229779,25.155872]]]},"properties":{"name":"Nissan","shop":"car"}},{"type":"Feature","geometry":{"type":"Polygon","coordinates":[[[55.22802,25.152811],[55.228116,25.152821],[55.228246,25.15298],[55.227702,25.153363],[55.227871,25.153575],[55.227618,25.153741],[55.227378,25.153387],[55.227383,25.15332],[55.227407,25.153249],[55.227453,25.15318],[55.227565,25.153098],[55.22802,25.152811]]]},"properties":{"name":"Al Nabooda Automobiles","shop":"car"}},{"type":"Feature","geometry":{"type":"Polygon","coordinates":[[[55.24652,25.126219],[55.246676,25.126401],[55.245973,25.126872],[55.24582,25.126683],[55.24652,25.126219]]]},"properties":{"name":"Shaklan Hypermarket","shop":"supermarket"}},{"type":"Feature","geometry":{"type":"Polygon","coordinates":[[[55.205959,25.118627],[55.206538,25.119351],[55.206946,25.119089],[55.20635,25.11837],[55.205959,25.118627]]]},"properties":{"name":"Pan Home","shop":"furniture"}},{"type":"Feature","geometry":{"type":"Polygon","coordinates":[[[55.259077,25.1726],[55.259344,25.172911],[55.259977,25.172466],[55.259711,25.172155],[55.259077,25.1726]]]},"properties":{"shop":"mall"}},{"type":"Feature","geometry":{"type":"Polygon","coordinates":[[[55.238488,25.198535],[55.238886,25.19829],[55.238484,25.19774],[55.238379,25.197804],[55.23832,25.197727],[55.238017,25.197914],[55.238076,25.197961],[55.238141,25.197995],[55.238223,25.198017],[55.238282,25.198014],[55.238303,25.198092],[55.238198,25.198139],[55.238488,25.198535]]]},"properties":{"name":"\u0641\u0646\u062f\u0642 \u0628\u064a\u062a\u0634 \u0628\u0627\u0631\u0643 \u0628\u0644\u0627\u0632\u0627","shop":"mall"}},{"type":"Feature","geometry":{"type":"Polygon","coordinates":[[[55.235381,25.193815],[55.235219,25.193917],[55.235195,25.193895],[55.235093,25.194139],[55.235302,25.194423],[55.235521,25.194292],[55.235335,25.194076],[55.235618,25.193909],[55.234947,25.193058],[55.23478,25.193179],[55.234628,25.193575],[55.234825,25.193763],[55.234996,25.193343],[55.235052,25.193451],[55.234865,25.193863],[55.235005,25.194027],[55.235075,25.19402],[55.235231,25.193637],[55.235287,25.193708],[55.235258,25.193737],[55.235299,25.193793],[55.23534,25.193776],[55.235381,25.193815]]]},"properties":{"name":"\u0644\u0627\u0628\u0644\u0627\u062c","shop":"mall"}},{"type":"Feature","geometry":{"type":"Polygon","coordinates":[[[55.231362,25.146026],[55.231737,25.145778],[55.231524,25.145513],[55.231148,25.145762],[55.231362,25.146026]]]},"properties":{"name":"On Demand Auto Repairs","shop":"car_repair"}},{"type":"Feature","geometry":{"type":"Polygon","coordinates":[[[55.237021,25.142477],[55.237729,25.142008],[55.237535,25.141768],[55.236827,25.142237],[55.237021,25.142477]]]},"properties":{"name":"Al Hawai Tyres Co.","shop":"tyres"}},{"type":"Feature","geometry":{"type":"Polygon","coordinates":[[[55.236602,25.147249],[55.236441,25.147336],[55.236415,25.147456],[55.23689,25.148041],[55.237115,25.147894],[55.236602,25.147249]]]},"properties":{"name":"4 X FORCE Motors L.L.C.","shop":"car_repair"}},{"type":"Feature","geometry":{"type":"Polygon","coordinates":[[[55.225768,25.183093],[55.226931,25.184564],[55.226536,25.18482],[55.226477,25.184746],[55.225503,25.185376],[55.225322,25.185148],[55.226199,25.18458],[55.225944,25.184258],[55.225071,25.184823],[55.224888,25.184592],[55.22576,25.184028],[55.225515,25.183718],[55.224639,25.184285],[55.224459,25.184058],[55.225423,25.183433],[55.225362,25.183356],[55.225768,25.183093]]]},"properties":{"name":"Sunset Mall","shop":"mall"}},{"type":"Feature","geometry":{"type":"Polygon","coordinates":[[[55.229457,25.145446],[55.229657,25.145316],[55.229314,25.144883],[55.229113,25.145013],[55.229457,25.145446]]]},"properties":{"name":"Grand Power Tyres Trading","shop":"tyres"}},{"type":"Feature","geometry":{"type":"Polygon","coordinates":[[[55.227578,25.147719],[55.227481,25.147586],[55.227329,25.147574],[55.226904,25.147968],[55.226995,25.148094],[55.227578,25.147719]]]},"properties":{"name":"Ditec Middle East Auto Care","shop":"car_repair"}},{"type":"Feature","geometry":{"type":"Polygon","coordinates":[[[55.229723,25.152736],[55.229893,25.152947],[55.231093,25.152158],[55.230923,25.151947],[55.229723,25.152736]]]},"properties":{"name":"Speed Tune Garage","shop":"car_repair"}},{"type":"Feature","geometry":{"type":"Polygon","coordinates":[[[55.234604,25.138088],[55.235485,25.13754],[55.235505,25.137429],[55.235057,25.136865],[55.234979,25.136852],[55.234431,25.137183],[55.23404,25.137462],[55.234031,25.137526],[55.234473,25.138074],[55.234604,25.138088]]]},"properties":{"name":"Al Tayer Motors","shop":"car_repair"}},{"type":"Feature","geometry":{"type":"Polygon","coordinates":[[[55.247422,25.17465],[55.24697,25.174989],[55.247062,25.175087],[55.246395,25.175596],[55.246982,25.176191],[55.247509,25.175784],[55.247407,25.17568],[55.247467,25.175636],[55.247378,25.175548],[55.247583,25.175408],[55.247951,25.175432],[55.248006,25.175395],[55.248011,25.175314],[55.247963,25.175273],[55.247528,25.175247],[55.247325,25.175397],[55.247173,25.175225],[55.247642,25.174877],[55.247422,25.17465]]]},"properties":{"name":"Pupil of Fate","shop":"car"}},{"type":"Feature","geometry":{"type":"Polygon","coordinates":[[[55.250722,25.174473],[55.250986,25.174288],[55.250879,25.174147],[55.250636,25.173945],[55.25039,25.174123],[55.250541,25.174261],[55.25054,25.174307],[55.250564,25.174326],[55.250593,25.174328],[55.250722,25.174473]]]},"properties":{"shop":"mall"}},{"type":"Feature","geometry":{"type":"Polygon","coordinates":[[[55.208001,25.128691],[55.208078,25.128607],[55.208116,25.128635],[55.208207,25.128534],[55.208247,25.128564],[55.208355,25.128445],[55.208772,25.128741],[55.208648,25.128839],[55.20861,25.128817],[55.208499,25.128934],[55.208465,25.12891],[55.208398,25.128985],[55.208001,25.128691]]]},"properties":{"name":"Equiti","shop":"car"}},{"type":"Feature","geometry":{"type":"Polygon","coordinates":[[[55.211873,25.129446],[55.212086,25.129306],[55.211751,25.128892],[55.211479,25.129076],[55.211873,25.129446]]]},"properties":{"shop":"car"}},{"type":"Feature","geometry":{"type":"Polygon","coordinates":[[[55.212237,25.129851],[55.212494,25.12968],[55.212894,25.1294],[55.212548,25.12899],[55.211869,25.129478],[55.212237,25.129851]]]},"properties":{"name":"Dubai Garden Centre","shop":"garden_centre"}},{"type":"Feature","geometry":{"type":"Polygon","coordinates":[[[55.208089,25.117873],[55.207957,25.11796],[55.207819,25.118051],[55.207771,25.118083],[55.20779,25.118108],[55.207774,25.118119],[55.207734,25.118146],[55.20765,25.11804],[55.207685,25.118018],[55.207758,25.117973],[55.207897,25.117885],[55.20803,25.117801],[55.208089,25.117873]]]},"properties":{"shop":"car_repair"}},{"type":"Feature","geometry":{"type":"Polygon","coordinates":[[[55.209097,25.118712],[55.209135,25.118687],[55.20918,25.118742],[55.209143,25.118767],[55.209097,25.118712]]]},"properties":{"name":"SellAnyCar.com","shop":"car"}},{"type":"Feature","geometry":{"type":"Polygon","coordinates":[[[55.207564,25.119711],[55.207764,25.119579],[55.208294,25.120237],[55.208093,25.120369],[55.207564,25.119711]]]},"properties":{"name":"Dunlop Pro Shop","shop":"tyres"}},{"type":"Feature","geometry":{"type":"Polygon","coordinates":[[[55.262297,25.153118],[55.262496,25.153115],[55.262493,25.152968],[55.262295,25.152971],[55.262297,25.153118]]]},"properties":{"name":"Zoom","shop":"convenience"}},{"type":"Feature","geometry":{"type":"Polygon","coordinates":[[[55.260368,25.152777],[55.260562,25.152774],[55.26056,25.15263],[55.260365,25.152632],[55.260368,25.152777]]]},"properties":{"name":"Zoom","shop":"convenience"}},{"type":"Feature","geometry":{"type":"Polygon","coordinates":[[[55.260161,25.152676],[55.260312,25.152674],[55.26031,25.152587],[55.260159,25.15259],[55.260161,25.152676]]]},"properties":{"name":"ZDEGREE Tires","shop":"tyres"}},{"type":"Feature","geometry":{"type":"Polygon","coordinates":[[[55.227051,25.183328],[55.227161,25.183254],[55.227107,25.183189],[55.226996,25.183262],[55.227051,25.183328]]]},"properties":{"name":"Zoom","shop":"convenience"}},{"type":"Feature","geometry":{"type":"Polygon","coordinates":[[[55.233224,25.161366],[55.233511,25.161681],[55.233955,25.161349],[55.233667,25.161034],[55.233224,25.161366]]]},"properties":{"name":"VIP Motors","shop":"car"}},{"type":"Feature","geometry":{"type":"Polygon","coordinates":[[[55.233192,25.161321],[55.233637,25.16097],[55.233397,25.160725],[55.23311,25.160907],[55.23313,25.160931],[55.233083,25.160941],[55.233046,25.160958],[55.233017,25.16098],[55.233005,25.161008],[55.233001,25.161032],[55.233001,25.16106],[55.233021,25.161089],[55.233055,25.161113],[55.23302,25.16114],[55.233192,25.161321]]]},"properties":{"name":"Natuzzi","shop":"furniture"}},{"type":"Feature","geometry":{"type":"Polygon","coordinates":[[[55.212893,25.130136],[55.213261,25.12989],[55.213101,25.129672],[55.212907,25.129425],[55.212576,25.129659],[55.212504,25.129704],[55.212893,25.130136]]]},"properties":{"name":"\u0645\u0631\u0643\u0632 \u062f\u0628\u064a \u0644\u0644\u062d\u062f\u0627\u0626\u0642","shop":"garden_centre"}},{"type":"Feature","geometry":{"type":"Polygon","coordinates":[[[55.21352,25.131231],[55.214056,25.130869],[55.213692,25.130429],[55.213157,25.13079],[55.21352,25.131231]]]},"properties":{"name":"\u0627\u0644\u063a\u0627\u0646\u062f\u064a \u0644\u0644\u0633\u064a\u0627\u0631\u0627\u062a","shop":"car"}},{"type":"Feature","geometry":{"type":"Polygon","coordinates":[[[55.212523,25.129752],[55.212324,25.1299],[55.21254,25.130136],[55.212669,25.13028],[55.212868,25.130126],[55.212523,25.129752]]]},"properties":{"name":"\u0645\u0631\u0643\u0632 \u062f\u0628\u064a \u0644\u0644\u062d\u062f\u0627\u0626\u0642","shop":"garden_centre"}},{"type":"Feature","geometry":{"type":"Polygon","coordinates":[[[55.210816,25.126897],[55.210291,25.127243],[55.210481,25.127479],[55.211005,25.127132],[55.210816,25.126897]]]},"properties":{"name":"Gargash Auto Service","shop":"car_repair"}},{"type":"Feature","geometry":{"type":"Polygon","coordinates":[[[55.209844,25.127287],[55.20963,25.127428],[55.209611,25.127491],[55.20965,25.127553],[55.210026,25.127852],[55.210177,25.127752],[55.210156,25.127729],[55.210425,25.12755],[55.210206,25.127282],[55.20995,25.127445],[55.209844,25.127287]]]},"properties":{"name":"GAC Motor","shop":"car"}},{"type":"Feature","geometry":{"type":"Polygon","coordinates":[[[55.214287,25.125577],[55.213805,25.125902],[55.213777,25.125868],[55.213726,25.125902],[55.21404,25.126284],[55.21409,25.12625],[55.214064,25.126218],[55.214547,25.125892],[55.214287,25.125577]]]},"properties":{"name":"Brayan Electromechanical Works","shop":"yes"}},{"type":"Feature","geometry":{"type":"Polygon","coordinates":[[[55.214123,25.125408],[55.213579,25.125758],[55.213667,25.12587],[55.214211,25.125519],[55.214123,25.125408]]]},"properties":{"name":"Nouran","shop":"trade"}},{"type":"Feature","geometry":{"type":"Polygon","coordinates":[[[55.212869,25.128034],[55.21264,25.128195],[55.212734,25.128311],[55.212969,25.128175],[55.212975,25.12812],[55.212907,25.128038],[55.212869,25.128034]]]},"properties":{"name":"Turbo","shop":"yes"}},{"type":"Feature","geometry":{"type":"Polygon","coordinates":[[[55.214356,25.127122],[55.213949,25.127382],[55.214297,25.127829],[55.214705,25.127569],[55.214356,25.127122]]]},"properties":{"name":"GT Auto Centre","shop":"car_repair"}},{"type":"Feature","geometry":{"type":"Polygon","coordinates":[[[55.214813,25.126756],[55.214433,25.127003],[55.214822,25.127494],[55.215202,25.127247],[55.214813,25.126756]]]},"properties":{"name":"3d Models","shop":"yes"}},{"type":"Feature","geometry":{"type":"Polygon","coordinates":[[[55.215391,25.127109],[55.215418,25.127008],[55.215069,25.126578],[55.214896,25.126693],[55.215289,25.127178],[55.215391,25.127109]]]},"properties":{"name":"Ali Faraj","shop":"yes"}},{"type":"Feature","geometry":{"type":"Polygon","coordinates":[[[55.214624,25.125996],[55.214439,25.126113],[55.214814,25.126597],[55.214998,25.12648],[55.214624,25.125996]]]},"properties":{"name":"Excel Middle East","shop":"yes"}},{"type":"Feature","geometry":{"type":"Polygon","coordinates":[[[55.212304,25.125682],[55.21133,25.126332],[55.211376,25.126388],[55.211245,25.126476],[55.211453,25.126731],[55.211582,25.126644],[55.211624,25.126695],[55.212601,25.126043],[55.212474,25.125888],[55.211625,25.126455],[55.211576,25.126395],[55.212424,25.125829],[55.212304,25.125682]]]},"properties":{"name":"Sana","shop":"supermarket"}},{"type":"Feature","geometry":{"type":"Polygon","coordinates":[[[55.21078,25.123813],[55.209705,25.124539],[55.209941,25.124824],[55.211015,25.124098],[55.21078,25.123813]]]},"properties":{"name":"Heritage Touch","shop":"yes"}},{"type":"Feature","geometry":{"type":"Polygon","coordinates":[[[55.210539,25.123502],[55.21002,25.123847],[55.210199,25.124069],[55.210719,25.123724],[55.210539,25.123502]]]},"properties":{"name":"Saluki Motorsport","shop":"yes"}},{"type":"Feature","geometry":{"type":"Polygon","coordinates":[[[55.20763,25.121053],[55.20717,25.121354],[55.207419,25.121666],[55.207879,25.121365],[55.20763,25.121053]]]},"properties":{"name":"Sun & sands sports factory outlet","shop":"sports"}},{"type":"Feature","geometry":{"type":"Polygon","coordinates":[[[55.244084,25.171146],[55.243928,25.171267],[55.243541,25.170858],[55.243749,25.170696],[55.244078,25.171043],[55.244025,25.171084],[55.244084,25.171146]]]},"properties":{"name":"Union Motors","shop":"car_repair"}},{"type":"Feature","geometry":{"type":"Polygon","coordinates":[[[55.243475,25.170579],[55.243511,25.170617],[55.243605,25.170543],[55.24373,25.170679],[55.243519,25.170839],[55.24336,25.170666],[55.243475,25.170579]]]},"properties":{"name":"Fancy Tyres","shop":"tyres"}},{"type":"Feature","geometry":{"type":"Polygon","coordinates":[[[55.230832,25.11471],[55.230429,25.114206],[55.230247,25.114325],[55.23065,25.114829],[55.230832,25.11471]]]},"properties":{"name":"Al Fahidi Stationery Centre","shop":"stationery"}},{"type":"Feature","geometry":{"type":"Polygon","coordinates":[[[55.231279,25.112783],[55.230821,25.113094],[55.230964,25.113267],[55.23106,25.113202],[55.231023,25.113158],[55.231385,25.112912],[55.231279,25.112783]]]},"properties":{"name":"Variety Hardware","shop":"hardware"}},{"type":"Feature","geometry":{"type":"Polygon","coordinates":[[[55.233426,25.114264],[55.233138,25.114451],[55.233254,25.114597],[55.233542,25.11441],[55.233426,25.114264]]]},"properties":{"name":"Mastertop Furniture Factory & decore","shop":"furniture"}},{"type":"Feature","geometry":{"type":"Polygon","coordinates":[[[55.227901,25.115735],[55.227439,25.116036],[55.227547,25.116172],[55.227911,25.115936],[55.227943,25.115976],[55.228042,25.115912],[55.227901,25.115735]]]},"properties":{"name":"Caparol","shop":"paint"}},{"type":"Feature","geometry":{"type":"Polygon","coordinates":[[[55.228273,25.116387],[55.228225,25.116327],[55.228114,25.116187],[55.228023,25.116246],[55.228182,25.116446],[55.228273,25.116387]]]},"properties":{"name":"Enoc","shop":"convenience"}},{"type":"Feature","geometry":{"type":"Polygon","coordinates":[[[55.227681,25.112755],[55.227536,25.112849],[55.22775,25.11312],[55.227896,25.113026],[55.227681,25.112755]]]},"properties":{"name":"German Auto Care","shop":"car_repair"}},{"type":"Feature","geometry":{"type":"Polygon","coordinates":[[[55.22192,25.112885],[55.221787,25.112724],[55.221408,25.11298],[55.221541,25.113142],[55.22192,25.112885]]]},"properties":{"name":"Elite Fit Out","shop":"interior_decoration"}},{"type":"Feature","geometry":{"type":"Polygon","coordinates":[[[55.222944,25.114104],[55.222771,25.113892],[55.222508,25.114068],[55.222556,25.114128],[55.222654,25.114062],[55.222723,25.114146],[55.222525,25.114278],[55.222455,25.114192],[55.222413,25.11422],[55.22254,25.114375],[55.222944,25.114104]]]},"properties":{"name":"Tower Car Reparing","shop":"car_repair"}},{"type":"Feature","geometry":{"type":"Polygon","coordinates":[[[55.223195,25.1169],[55.223856,25.116464],[55.223638,25.116193],[55.223298,25.116417],[55.223337,25.116466],[55.223182,25.116568],[55.223113,25.116483],[55.222947,25.116592],[55.223195,25.1169]]]},"properties":{"name":"ZDEGREE Tires","shop":"car_repair"}},{"type":"Feature","geometry":{"type":"Polygon","coordinates":[[[55.22054,25.116649],[55.220444,25.116532],[55.219858,25.116925],[55.219954,25.117042],[55.22054,25.116649]]]},"properties":{"name":"Al Jaber","shop":"furniture"}},{"type":"Feature","geometry":{"type":"Polygon","coordinates":[[[55.219236,25.116186],[55.219342,25.116318],[55.219811,25.116008],[55.219704,25.115876],[55.219236,25.116186]]]},"properties":{"name":"Fourway Trading","shop":"trade"}},{"type":"Feature","geometry":{"type":"Polygon","coordinates":[[[55.219519,25.115658],[55.219053,25.115966],[55.219158,25.116097],[55.219506,25.115867],[55.219544,25.115914],[55.219662,25.115836],[55.219519,25.115658]]]},"properties":{"name":"Space Garage","shop":"car_repair"}},{"type":"Feature","geometry":{"type":"Polygon","coordinates":[[[55.218931,25.11574],[55.219042,25.115875],[55.219237,25.115745],[55.219271,25.115787],[55.219533,25.115612],[55.219388,25.115435],[55.218931,25.11574]]]},"properties":{"name":"Abad Seafood LLC","shop":"yes"}},{"type":"Feature","geometry":{"type":"Polygon","coordinates":[[[55.217789,25.114334],[55.218289,25.113996],[55.218324,25.114037],[55.218394,25.11399],[55.218154,25.1137],[55.217584,25.114087],[55.217789,25.114334]]]},"properties":{"name":"Element Middle East","shop":"yes"}},{"type":"Feature","geometry":{"type":"Polygon","coordinates":[[[55.217226,25.114302],[55.217348,25.114221],[55.216813,25.113557],[55.216691,25.113638],[55.217226,25.114302]]]},"properties":{"name":"Al Khalij Enterprises","shop":"yes"}},{"type":"Feature","geometry":{"type":"Polygon","coordinates":[[[55.215686,25.114782],[55.215953,25.114602],[55.215828,25.11445],[55.215702,25.114535],[55.215624,25.114439],[55.215483,25.114535],[55.215686,25.114782]]]},"properties":{"name":"Amin Tyre Care","shop":"tyres"}},{"type":"Feature","geometry":{"type":"Polygon","coordinates":[[[55.215404,25.115428],[55.215583,25.115311],[55.215136,25.114753],[55.214957,25.11487],[55.215404,25.115428]]]},"properties":{"name":"Hydroturf","shop":"yes"}},{"type":"Feature","geometry":{"type":"Polygon","coordinates":[[[55.215015,25.115702],[55.215197,25.115582],[55.21475,25.115029],[55.214568,25.115149],[55.215015,25.115702]]]},"properties":{"name":"Sepehri","shop":"yes"}},{"type":"Feature","geometry":{"type":"Polygon","coordinates":[[[55.214144,25.116332],[55.214389,25.11617],[55.213861,25.115516],[55.213616,25.115679],[55.214144,25.116332]]]},"properties":{"name":"Huds Lighting","shop":"yes"}},{"type":"Feature","geometry":{"type":"Polygon","coordinates":[[[55.213869,25.117728],[55.214317,25.117428],[55.214224,25.117314],[55.213856,25.117561],[55.213794,25.117485],[55.214079,25.117293],[55.213992,25.117187],[55.213885,25.117259],[55.213717,25.117372],[55.213627,25.117432],[55.213869,25.117728]]]},"properties":{"name":"Axis Auto Garage","shop":"car_repair"}},{"type":"Feature","geometry":{"type":"Polygon","coordinates":[[[55.217194,25.115342],[55.217534,25.115123],[55.217182,25.114676],[55.21706,25.114755],[55.217175,25.114902],[55.217203,25.114884],[55.217301,25.115008],[55.217163,25.115097],[55.217083,25.114996],[55.217114,25.114976],[55.217092,25.114948],[55.217124,25.114928],[55.217005,25.114777],[55.216836,25.114886],[55.217194,25.115342]]]},"properties":{"name":"Subzero Motorsport","shop":"car_repair"}},{"type":"Feature","geometry":{"type":"Polygon","coordinates":[[[55.218182,25.122042],[55.217825,25.122277],[55.218464,25.12307],[55.218699,25.122915],[55.21875,25.122978],[55.218871,25.122898],[55.218182,25.122042]]]},"properties":{"name":"Jashanmal National Company","shop":"yes"}},{"type":"Feature","geometry":{"type":"Polygon","coordinates":[[[55.2181,25.123299],[55.218391,25.123106],[55.217916,25.122517],[55.217625,25.122709],[55.2181,25.123299]]]},"properties":{"name":"Trendy Garments","shop":"clothes"}},{"type":"Feature","geometry":{"type":"Polygon","coordinates":[[[55.21595,25.121466],[55.216082,25.121629],[55.216395,25.12142],[55.216369,25.121388],[55.216583,25.121245],[55.216477,25.121115],[55.21595,25.121466]]]},"properties":{"name":"Jesco Supermarket","shop":"supermarket"}},{"type":"Feature","geometry":{"type":"Polygon","coordinates":[[[55.214483,25.118719],[55.21477,25.119077],[55.214964,25.118949],[55.21462,25.118521],[55.214493,25.118604],[55.214483,25.118719]]]},"properties":{"name":"PCS Switchgear Manufacturing","shop":"yes"}},{"type":"Feature","geometry":{"type":"Polygon","coordinates":[[[55.21501,25.11889],[55.215207,25.11876],[55.214873,25.118343],[55.214676,25.118473],[55.21501,25.11889]]]},"properties":{"name":"Star Elevator Systems & Metal Technology","shop":"yes"}},{"type":"Feature","geometry":{"type":"Polygon","coordinates":[[[55.215971,25.115487],[55.215707,25.115667],[55.215849,25.115844],[55.216194,25.115614],[55.21609,25.115507],[55.215971,25.115487]]]},"properties":{"name":"Al Daleel","shop":"furniture"}},{"type":"Feature","geometry":{"type":"Polygon","coordinates":[[[55.216369,25.125182],[55.215999,25.125438],[55.215981,25.125593],[55.216368,25.126059],[55.216824,25.12576],[55.216369,25.125182]]]},"properties":{"name":"\u0628\u0648\u0631\u0634\u0647","shop":"car"}},{"type":"Feature","geometry":{"type":"Polygon","coordinates":[[[55.219176,25.126526],[55.218791,25.126046],[55.218371,25.126322],[55.218756,25.126802],[55.219176,25.126526]]]},"properties":{"name":"\u064a\u0627\u0645\u0627\u0647\u0627","shop":"yes"}},{"type":"Feature","geometry":{"type":"Polygon","coordinates":[[[55.216724,25.128065],[55.21685,25.128085],[55.216922,25.12804],[55.216487,25.127505],[55.216352,25.127595],[55.216724,25.128065]]]},"properties":{"name":"Al Azzani Ready Mix","shop":"building_materials"}},{"type":"Feature","geometry":{"type":"Polygon","coordinates":[[[55.217493,25.127658],[55.217154,25.127238],[55.217175,25.127225],[55.21713,25.12717],[55.217111,25.127183],[55.217061,25.12712],[55.216786,25.127301],[55.217219,25.127839],[55.217493,25.127658]]]},"properties":{"name":"Home Depot","shop":"yes"}},{"type":"Feature","geometry":{"type":"Polygon","coordinates":[[[55.21703,25.127079],[55.216854,25.126864],[55.216144,25.127341],[55.216319,25.127556],[55.21703,25.127079]]]},"properties":{"name":"Manchester Tyres","shop":"tyres"}},{"type":"Feature","geometry":{"type":"Polygon","coordinates":[[[55.215916,25.126136],[55.215561,25.125693],[55.215447,25.125767],[55.215802,25.126211],[55.215916,25.126136]]]},"properties":{"name":"Auto Service Centre","shop":"car_repair"}},{"type":"Feature","geometry":{"type":"Polygon","coordinates":[[[55.211928,25.12476],[55.212464,25.124407],[55.212196,25.124073],[55.211659,25.124425],[55.211766,25.124558],[55.212072,25.124356],[55.212124,25.124421],[55.211817,25.124622],[55.211928,25.12476]]]},"properties":{"name":"UAE International Automobile Services","shop":"car_repair"}},{"type":"Feature","geometry":{"type":"Polygon","coordinates":[[[55.220431,25.123317],[55.220837,25.123045],[55.220731,25.122915],[55.220325,25.123188],[55.220431,25.123317]]]},"properties":{"name":"Helpbit","shop":"electronics"}},{"type":"Feature","geometry":{"type":"Polygon","coordinates":[[[55.218808,25.123703],[55.218643,25.123502],[55.21849,25.123605],[55.218589,25.123726],[55.218542,25.123757],[55.218609,25.123838],[55.218808,25.123703]]]},"properties":{"name":"Home Wards","shop":"religion"}},{"type":"Feature","geometry":{"type":"Polygon","coordinates":[[[55.191336,25.140252],[55.191958,25.14097],[55.19242,25.140642],[55.192106,25.140279],[55.192178,25.140229],[55.1918,25.139793],[55.191378,25.140092],[55.191347,25.140114],[55.191342,25.140181],[55.191336,25.140252]]]},"properties":{"name":"\u0627\u0644\u0645\u0648\u0644","shop":"mall"}},{"type":"Feature","geometry":{"type":"Polygon","coordinates":[[[55.196948,25.137354],[55.197368,25.137065],[55.197246,25.136919],[55.197271,25.136902],[55.197207,25.136826],[55.197182,25.136843],[55.197058,25.136696],[55.196638,25.136985],[55.196948,25.137354]]]},"properties":{"name":"\u0623\u0633\u0648\u0627\u0642","shop":"supermarket"}},{"type":"Feature","geometry":{"type":"Polygon","coordinates":[[[55.27086,25.182255],[55.270893,25.182226],[55.270931,25.182262],[55.270898,25.18229],[55.27086,25.182255]]]},"properties":{"name":"\u0645\u0631\u0627\u0633\u064a","shop":"ticket"}},{"type":"Feature","geometry":{"type":"Polygon","coordinates":[[[55.252108,25.186547],[55.25211,25.186522],[55.252213,25.186527],[55.252212,25.186551],[55.252108,25.186547]]]},"properties":{"name":"Sheikh Zayed Road","shop":"ticket"}},{"type":"Feature","geometry":{"type":"Polygon","coordinates":[[[55.223813,25.124712],[55.223607,25.124459],[55.222889,25.124938],[55.223094,25.125191],[55.223813,25.124712]]]},"properties":{"name":"Umdasch","shop":"yes"}},{"type":"Feature","geometry":{"type":"Polygon","coordinates":[[[55.224493,25.125306],[55.224788,25.12511],[55.223635,25.123691],[55.223341,25.123887],[55.224493,25.125306]]]},"properties":{"name":"Abba Electronics","shop":"yes"}},{"type":"Feature","geometry":{"type":"Polygon","coordinates":[[[55.225111,25.124599],[55.225259,25.124781],[55.225475,25.124637],[55.225497,25.124516],[55.225405,25.124403],[55.225111,25.124599]]]},"properties":{"name":"Europro Auto Repairing","shop":"car_repair"}},{"type":"Feature","geometry":{"type":"Polygon","coordinates":[[[55.220384,25.130041],[55.220679,25.129843],[55.220562,25.129699],[55.220526,25.129655],[55.220498,25.129621],[55.220416,25.129521],[55.220243,25.12931],[55.219948,25.129509],[55.220384,25.130041]]]},"properties":{"name":"Corodex","shop":"yes"}},{"type":"Feature","geometry":{"type":"Polygon","coordinates":[[[55.219798,25.128536],[55.220145,25.128309],[55.219093,25.126996],[55.218747,25.127223],[55.219798,25.128536]]]},"properties":{"name":"Promedia Systems","shop":"yes"}},{"type":"Feature","geometry":{"type":"Polygon","coordinates":[[[55.224616,25.1261],[55.224819,25.125964],[55.224751,25.125881],[55.224703,25.125913],[55.224492,25.125655],[55.224337,25.125759],[55.224616,25.1261]]]},"properties":{"name":"Leo International LLC","shop":"yes"}},{"type":"Feature","geometry":{"type":"Polygon","coordinates":[[[55.224607,25.13251],[55.224794,25.132383],[55.224797,25.132346],[55.224327,25.131783],[55.22419,25.131876],[55.224175,25.131992],[55.224607,25.13251]]]},"properties":{"name":"Performance","shop":"yes"}},{"type":"Feature","geometry":{"type":"Polygon","coordinates":[[[55.224328,25.128726],[55.22439,25.128803],[55.224678,25.128612],[55.224712,25.128655],[55.224942,25.128503],[55.224909,25.128462],[55.224971,25.128421],[55.224907,25.128342],[55.224328,25.128726]]]},"properties":{"name":"Koshi Garage","shop":"car_repair"}},{"type":"Feature","geometry":{"type":"Polygon","coordinates":[[[55.224534,25.128206],[55.224663,25.128121],[55.224487,25.127904],[55.224359,25.127989],[55.224534,25.128206]]]},"properties":{"name":"Ajmal's Perfume Manufacturing & Oudh Processing","shop":"yes"}},{"type":"Feature","geometry":{"type":"Polygon","coordinates":[[[55.226925,25.12993],[55.227032,25.130066],[55.22742,25.129814],[55.227454,25.129856],[55.227539,25.129801],[55.227398,25.129623],[55.226925,25.12993]]]},"properties":{"name":"ICU Autos","shop":"car_repair"}},{"type":"Feature","geometry":{"type":"Polygon","coordinates":[[[55.228109,25.130806],[55.228354,25.130648],[55.22798,25.130174],[55.227735,25.130332],[55.228109,25.130806]]]},"properties":{"name":"Fed Ex","shop":"copyshop"}},{"type":"Feature","geometry":{"type":"Polygon","coordinates":[[[55.216351,25.135601],[55.216564,25.135484],[55.216519,25.135416],[55.21673,25.135301],[55.216704,25.135262],[55.216895,25.135158],[55.216886,25.135145],[55.217078,25.13504],[55.217061,25.135015],[55.217229,25.134923],[55.217149,25.134802],[55.217172,25.13479],[55.217033,25.134581],[55.216244,25.135013],[55.216218,25.134974],[55.216009,25.135088],[55.216351,25.135601]]]},"properties":{"name":"Peugeot","shop":"car"}},{"type":"Feature","geometry":{"type":"Polygon","coordinates":[[[55.217386,25.134997],[55.216728,25.135455],[55.216387,25.135695],[55.216518,25.135889],[55.216624,25.136044],[55.217074,25.135779],[55.217136,25.135742],[55.217006,25.135564],[55.21756,25.135234],[55.217386,25.134997]]]},"properties":{"name":"Bin Dhaher","shop":"car"}},{"type":"Feature","geometry":{"type":"Polygon","coordinates":[[[55.219369,25.135487],[55.219895,25.13514],[55.219788,25.135006],[55.219261,25.135353],[55.219369,25.135487]]]},"properties":{"name":"Khalid & Alam","shop":"yes"}},{"type":"Feature","geometry":{"type":"Polygon","coordinates":[[[55.219371,25.136582],[55.219904,25.136237],[55.219584,25.135831],[55.219108,25.13614],[55.219139,25.13618],[55.219082,25.136216],[55.219371,25.136582]]]},"properties":{"name":"Middle East Fun","shop":"yes"}},{"type":"Feature","geometry":{"type":"Polygon","coordinates":[[[55.222119,25.135927],[55.222334,25.135771],[55.222224,25.135651],[55.222149,25.135702],[55.222102,25.135642],[55.221972,25.135475],[55.222047,25.135425],[55.221958,25.135303],[55.221739,25.135454],[55.222119,25.135927]]]},"properties":{"name":"Auto Doc","shop":"car_repair"}},{"type":"Feature","geometry":{"type":"Polygon","coordinates":[[[55.221543,25.136213],[55.221661,25.136136],[55.221272,25.135652],[55.221155,25.13573],[55.221543,25.136213]]]},"properties":{"name":"Royal Class Car Repairing","shop":"car_repair"}},{"type":"Feature","geometry":{"type":"Polygon","coordinates":[[[55.223496,25.133561],[55.223578,25.133507],[55.223799,25.133362],[55.22393,25.133276],[55.223323,25.132519],[55.222889,25.132805],[55.223496,25.133561]]]},"properties":{"name":"Al Fajer Marine","shop":"yes"}},{"type":"Feature","geometry":{"type":"Polygon","coordinates":[[[55.220592,25.132871],[55.220934,25.132643],[55.2208,25.132478],[55.220458,25.132707],[55.220592,25.132871]]]},"properties":{"name":"Firestone","shop":"tyres"}},{"type":"Feature","geometry":{"type":"Polygon","coordinates":[[[55.220919,25.131371],[55.221029,25.131298],[55.221232,25.131164],[55.220852,25.130694],[55.220731,25.130544],[55.220418,25.130751],[55.220919,25.131371]]]},"properties":{"name":"Khansaheb Building Services","shop":"yes"}},{"type":"Feature","geometry":{"type":"Polygon","coordinates":[[[55.222997,25.131611],[55.222629,25.131141],[55.222392,25.131295],[55.222379,25.131373],[55.222576,25.131621],[55.22256,25.131632],[55.222659,25.131753],[55.222676,25.131743],[55.222725,25.131798],[55.222814,25.13174],[55.222997,25.131611]]]},"properties":{"name":"Zone Auto Care","shop":"car_repair"}},{"type":"Feature","geometry":{"type":"Polygon","coordinates":[[[55.2249,25.130913],[55.225404,25.130579],[55.225475,25.130532],[55.224944,25.129875],[55.22477,25.12999],[55.224691,25.130042],[55.224806,25.130185],[55.22483,25.130215],[55.224723,25.130286],[55.224431,25.130479],[55.224753,25.130876],[55.22478,25.130858],[55.22483,25.130826],[55.2249,25.130913]]]},"properties":{"name":"Precision","shop":"yes"}},{"type":"Feature","geometry":{"type":"Polygon","coordinates":[[[55.211793,25.128783],[55.212179,25.128519],[55.212036,25.128348],[55.211911,25.128434],[55.21185,25.12836],[55.211974,25.128274],[55.211851,25.128126],[55.211465,25.12839],[55.211793,25.128783]]]},"properties":{"name":"Prolab Digital 2","shop":"electronics"}},{"type":"Feature","geometry":{"type":"Polygon","coordinates":[[[55.21856,25.136753],[55.218686,25.136671],[55.218518,25.136461],[55.218393,25.136543],[55.21856,25.136753]]]},"properties":{"name":"Al Nabooda Automobiles","shop":"car_repair"}},{"type":"Feature","geometry":{"type":"Polygon","coordinates":[[[55.21914,25.133008],[55.219475,25.132783],[55.219264,25.132526],[55.218929,25.132751],[55.21914,25.133008]]]},"properties":{"name":"Quanta","shop":"yes"}},{"type":"Feature","geometry":{"type":"Polygon","coordinates":[[[55.218628,25.131154],[55.218709,25.131099],[55.218537,25.130889],[55.218456,25.130944],[55.218628,25.131154]]]},"properties":{"name":"Europear Garage","shop":"car_repair"}},{"type":"Feature","geometry":{"type":"Polygon","coordinates":[[[55.218206,25.130467],[55.218021,25.13024],[55.217544,25.130559],[55.217729,25.130786],[55.218206,25.130467]]]},"properties":{"name":"Mostafawi","shop":"yes"}},{"type":"Feature","geometry":{"type":"Polygon","coordinates":[[[55.216193,25.128966],[55.216732,25.128624],[55.216614,25.128472],[55.216076,25.128814],[55.216193,25.128966]]]},"properties":{"name":"Farba Guard","shop":"yes"}},{"type":"Feature","geometry":{"type":"Polygon","coordinates":[[[55.216361,25.129184],[55.216899,25.128843],[55.216782,25.128691],[55.216243,25.129033],[55.216361,25.129184]]]},"properties":{"name":"Road King","shop":"car_repair"}},{"type":"Feature","geometry":{"type":"Polygon","coordinates":[[[55.214634,25.13067],[55.215168,25.130312],[55.214912,25.129999],[55.214378,25.130357],[55.214634,25.13067]]]},"properties":{"name":"Johnson Controls","shop":"yes"}},{"type":"Feature","geometry":{"type":"Polygon","coordinates":[[[55.214849,25.13095],[55.215386,25.13059],[55.215263,25.130439],[55.214725,25.130799],[55.214849,25.13095]]]},"properties":{"name":"Furniture and Handicraft","shop":"furniture"}},{"type":"Feature","geometry":{"type":"Polygon","coordinates":[[[55.215533,25.130829],[55.215685,25.130728],[55.215544,25.130555],[55.215392,25.130657],[55.215533,25.130829]]]},"properties":{"name":"Toolsa Tools Equipment & Machinery Hire","shop":"hardware"}},{"type":"Feature","geometry":{"type":"Polygon","coordinates":[[[55.215355,25.131588],[55.215831,25.131269],[55.215717,25.13113],[55.215241,25.131449],[55.215355,25.131588]]]},"properties":{"name":"Collectionpriv\u00e9","shop":"trade"}},{"type":"Feature","geometry":{"type":"Polygon","coordinates":[[[55.215698,25.132019],[55.216166,25.131706],[55.215891,25.13137],[55.215424,25.131684],[55.215698,25.132019]]]},"properties":{"name":"Sun City","shop":"yes"}},{"type":"Feature","geometry":{"type":"Polygon","coordinates":[[[55.21575,25.13209],[55.215877,25.132251],[55.216348,25.131944],[55.21622,25.131784],[55.21575,25.13209]]]},"properties":{"name":"The Tyre Shop","shop":"tyres"}},{"type":"Feature","geometry":{"type":"Polygon","coordinates":[[[55.216998,25.132838],[55.216862,25.132667],[55.216398,25.132968],[55.216534,25.13314],[55.216998,25.132838]]]},"properties":{"name":"Heritage Touch","shop":"trade"}},{"type":"Feature","geometry":{"type":"Polygon","coordinates":[[[55.217177,25.133076],[55.217041,25.132904],[55.216578,25.133206],[55.216714,25.133377],[55.217177,25.133076]]]},"properties":{"name":"The Elite Cars","shop":"car"}},{"type":"Feature","geometry":{"type":"Polygon","coordinates":[[[55.219341,25.135136],[55.219101,25.134847],[55.218507,25.135251],[55.218748,25.13554],[55.219341,25.135136]]]},"properties":{"name":"CCL","shop":"yes"}},{"type":"Feature","geometry":{"type":"Polygon","coordinates":[[[55.232823,25.119199],[55.232515,25.119402],[55.232583,25.119488],[55.232658,25.119439],[55.232892,25.119284],[55.232823,25.119199]]]},"properties":{"name":"Hope City","shop":"car_repair"}},{"type":"Feature","geometry":{"type":"Polygon","coordinates":[[[55.234121,25.115051],[55.233995,25.114888],[55.233709,25.115079],[55.2337,25.115185],[55.23377,25.115281],[55.234121,25.115051]]]},"properties":{"name":"Yateem Group","shop":"optician"}},{"type":"Feature","geometry":{"type":"Polygon","coordinates":[[[55.23417,25.115109],[55.233827,25.11534],[55.233904,25.115434],[55.23415,25.115269],[55.234186,25.115312],[55.234283,25.115247],[55.23417,25.115109]]]},"properties":{"name":"Yaco Medical Supplies","shop":"medical_supply"}},{"type":"Feature","geometry":{"type":"Polygon","coordinates":[[[55.235667,25.117071],[55.235837,25.116956],[55.235582,25.116645],[55.235636,25.116608],[55.235533,25.116482],[55.235308,25.116633],[55.235667,25.117071]]]},"properties":{"name":"AAB Tools","shop":"hardware"}},{"type":"Feature","geometry":{"type":"Polygon","coordinates":[[[55.235645,25.118209],[55.235534,25.118072],[55.235063,25.118388],[55.235208,25.118565],[55.235331,25.118483],[55.235298,25.118442],[55.235645,25.118209]]]},"properties":{"name":"Qasr Al Jazeera","shop":"car_repair"}},{"type":"Feature","geometry":{"type":"Polygon","coordinates":[[[55.237797,25.123426],[55.238371,25.123043],[55.238276,25.122925],[55.237701,25.123308],[55.237797,25.123426]]]},"properties":{"name":"Continental","shop":"tyres"}},{"type":"Feature","geometry":{"type":"Polygon","coordinates":[[[55.248513,25.128714],[55.247787,25.129194],[55.247873,25.1293],[55.248599,25.12882],[55.248513,25.128714]]]},"properties":{"name":"Jotun","shop":"paint"}},{"type":"Feature","geometry":{"type":"Polygon","coordinates":[[[55.250259,25.12994],[55.25067,25.130441],[55.25081,25.130347],[55.250399,25.129846],[55.250259,25.12994]]]},"properties":{"name":"Talal Supermarket","shop":"supermarket"}},{"type":"Feature","geometry":{"type":"Polygon","coordinates":[[[55.255894,25.135241],[55.255851,25.135188],[55.255908,25.135151],[55.255892,25.135131],[55.256033,25.135039],[55.256091,25.135113],[55.255894,25.135241]]]},"properties":{"name":"Sally Supermarket","shop":"supermarket"}},{"type":"Feature","geometry":{"type":"Polygon","coordinates":[[[55.246922,25.132244],[55.246608,25.131851],[55.246138,25.132158],[55.246452,25.132551],[55.246922,25.132244]]]},"properties":{"name":"Super Bonanza Hyper Market","shop":"supermarket"}},{"type":"Feature","geometry":{"type":"Polygon","coordinates":[[[55.215514,25.169897],[55.215723,25.169766],[55.215793,25.169857],[55.215713,25.169908],[55.215694,25.169882],[55.215633,25.16992],[55.215605,25.169883],[55.215536,25.169926],[55.215514,25.169897]]]},"properties":{"name":"Barakat Optical","shop":"optician"}},{"type":"Feature","geometry":{"type":"Polygon","coordinates":[[[55.215292,25.169344],[55.215365,25.169436],[55.215206,25.169539],[55.215133,25.169448],[55.215292,25.169344]]]},"properties":{"shop":"convenience"}},{"type":"Feature","geometry":{"type":"Polygon","coordinates":[[[55.214637,25.168754],[55.214516,25.168595],[55.214711,25.168474],[55.214832,25.168632],[55.214637,25.168754]]]},"properties":{"name":"Parfait","shop":"pastry"}},{"type":"Feature","geometry":{"type":"Polygon","coordinates":[[[55.206058,25.158458],[55.205936,25.158321],[55.206053,25.158236],[55.206108,25.158298],[55.206097,25.158306],[55.206164,25.158382],[55.206058,25.158458]]]},"properties":{"name":"Silkor","shop":"beauty"}},{"type":"Feature","geometry":{"type":"Polygon","coordinates":[[[55.202203,25.153848],[55.202154,25.15379],[55.20225,25.153735],[55.202299,25.153806],[55.202203,25.153848]]]},"properties":{"name":"Al Qouz Sky Trading","shop":"convenience"}},{"type":"Feature","geometry":{"type":"Polygon","coordinates":[[[55.244557,25.135496],[55.244422,25.135329],[55.24396,25.135635],[55.244095,25.135802],[55.244557,25.135496]]]},"properties":{"name":"Super Stationery","shop":"stationery"}},{"type":"Feature","geometry":{"type":"Polygon","coordinates":[[[55.245417,25.133245],[55.245619,25.133116],[55.245681,25.133195],[55.245765,25.13314],[55.24585,25.133249],[55.245564,25.133433],[55.245417,25.133245]]]},"properties":{"name":"French Bakery","shop":"bakery"}},{"type":"Feature","geometry":{"type":"Polygon","coordinates":[[[55.243969,25.140964],[55.244161,25.1412],[55.244633,25.140887],[55.244441,25.14065],[55.243969,25.140964]]]},"properties":{"name":"Mebar","shop":"car_repair"}},{"type":"Feature","geometry":{"type":"Polygon","coordinates":[[[55.239364,25.16779],[55.239277,25.167848],[55.239269,25.167965],[55.239782,25.168528],[55.239929,25.168418],[55.239746,25.168212],[55.239478,25.167916],[55.239364,25.16779]]]},"properties":{"name":"Toyota","shop":"car"}},{"type":"Feature","geometry":{"type":"Polygon","coordinates":[[[55.212805,25.165286],[55.212728,25.165188],[55.21287,25.165097],[55.212947,25.165194],[55.212805,25.165286]]]},"properties":{"name":"Les Floralies Dubai - Jumeirah","shop":"florist"}},{"type":"Feature","geometry":{"type":"Polygon","coordinates":[[[55.209322,25.161308],[55.209169,25.161131],[55.20924,25.161081],[55.209393,25.161257],[55.209322,25.161308]]]},"properties":{"name":"Ahmad Bin Ali Supermarket","shop":"supermarket"}},{"type":"Feature","geometry":{"type":"Polygon","coordinates":[[[55.242801,25.126255],[55.243005,25.126108],[55.243181,25.126308],[55.242977,25.126455],[55.242801,25.126255]]]},"properties":{"name":"Al Reyami Auto Services Center","shop":"car_repair"}},{"type":"Feature","geometry":{"type":"Polygon","coordinates":[[[55.248596,25.135246],[55.24843,25.135033],[55.248665,25.134883],[55.248831,25.135096],[55.248596,25.135246]]]},"properties":{"name":"Chemex","shop":"variety_store"}},{"type":"Feature","geometry":{"type":"Polygon","coordinates":[[[55.229535,25.156698],[55.229281,25.156297],[55.229608,25.156093],[55.229902,25.156465],[55.229535,25.156698]]]},"properties":{"name":"Mitsubishi Motors","shop":"car"}},{"type":"Feature","geometry":{"type":"Polygon","coordinates":[[[55.23147,25.157592],[55.23198,25.157258],[55.232112,25.157427],[55.23169,25.157719],[55.231558,25.157697],[55.23147,25.157592]]]},"properties":{"name":"Al Shirawi Enterprises","shop":"car"}},{"type":"Feature","geometry":{"type":"Polygon","coordinates":[[[55.243531,25.172479],[55.243894,25.172884],[55.244012,25.172798],[55.244045,25.172835],[55.244225,25.172703],[55.2442,25.172675],[55.244521,25.172441],[55.244151,25.172026],[55.243531,25.172479]]]},"properties":{"name":"Galadari Automobiles","shop":"car"}},{"type":"Feature","geometry":{"type":"Polygon","coordinates":[[[55.248826,25.1769],[55.248619,25.177063],[55.248661,25.177107],[55.248601,25.177155],[55.248556,25.177108],[55.248286,25.17732],[55.248162,25.177191],[55.248698,25.176768],[55.248826,25.1769]]]},"properties":{"name":"Danube Home","shop":"yes"}},{"type":"Feature","geometry":{"type":"Polygon","coordinates":[[[55.24783,25.177286],[55.247497,25.176927],[55.247962,25.176573],[55.248295,25.176932],[55.24783,25.177286]]]},"properties":{"name":"F1rst Motors","shop":"car"}},{"type":"Feature","geometry":{"type":"Polygon","coordinates":[[[55.245176,25.1269],[55.24529,25.127047],[55.245766,25.126743],[55.245611,25.126543],[55.245486,25.126622],[55.245528,25.126676],[55.245176,25.1269]]]},"properties":{"name":"Wonder Bakery","shop":"bakery"}},{"type":"Feature","geometry":{"type":"Polygon","coordinates":[[[55.234607,25.155476],[55.234627,25.155298],[55.235056,25.155337],[55.235036,25.155515],[55.234607,25.155476]]]},"properties":{"name":"Graphicshub","shop":"yes"}},{"type":"Feature","geometry":{"type":"Polygon","coordinates":[[[55.229515,25.114368],[55.229745,25.114213],[55.229702,25.114161],[55.229472,25.114316],[55.229515,25.114368]]]},"properties":{"name":"Alamir Swabi Garage","shop":"car_repair"}},{"type":"Feature","geometry":{"type":"Polygon","coordinates":[[[55.229155,25.113869],[55.229305,25.11376],[55.229136,25.113562],[55.228984,25.113666],[55.229155,25.113869]]]},"properties":{"name":"Speed Track Garage","shop":"car_repair"}},{"type":"Feature","geometry":{"type":"Polygon","coordinates":[[[55.235425,25.119579],[55.235552,25.119494],[55.235722,25.119704],[55.235845,25.119622],[55.235944,25.119745],[55.235694,25.119911],[55.235425,25.119579]]]},"properties":{"name":"Capital Auto Repairing","shop":"car_repair"}},{"type":"Feature","geometry":{"type":"Polygon","coordinates":[[[55.216725,25.124345],[55.216689,25.124295],[55.216935,25.124152],[55.216971,25.124202],[55.216725,25.124345]]]},"properties":{"name":"Gargash Enterprises","shop":"car"}},{"type":"Feature","geometry":{"type":"Polygon","coordinates":[[[55.21753,25.129053],[55.217408,25.128896],[55.217517,25.128827],[55.217638,25.128983],[55.217618,25.128996],[55.217539,25.129047],[55.21753,25.129053]]]},"properties":{"name":"Al Azzani","shop":"yes"}},{"type":"Feature","geometry":{"type":"Polygon","coordinates":[[[55.216315,25.132902],[55.216593,25.13272],[55.216284,25.132331],[55.216005,25.132513],[55.216315,25.132902]]]},"properties":{"name":"Green Millennium Tyres","shop":"tyres"}},{"type":"Feature","geometry":{"type":"Polygon","coordinates":[[[55.208101,25.121466],[55.20817,25.12142],[55.208227,25.121492],[55.208157,25.121536],[55.208101,25.121466]]]},"properties":{"name":"Stone Gallery","shop":"stone"}},{"type":"Feature","geometry":{"type":"Polygon","coordinates":[[[55.217343,25.125412],[55.216785,25.124726],[55.216926,25.124632],[55.217484,25.125319],[55.217343,25.125412]]]},"properties":{"name":"Advance World Equipments Trading","shop":"yes"}},{"type":"Feature","geometry":{"type":"Polygon","coordinates":[[[55.228287,25.126529],[55.228411,25.126452],[55.228465,25.126524],[55.228341,25.126601],[55.228287,25.126529]]]},"properties":{"name":"Al Telal Supermarket","shop":"supermarket"}},{"type":"Feature","geometry":{"type":"Polygon","coordinates":[[[55.207612,25.124046],[55.208211,25.123626],[55.207157,25.122304],[55.206541,25.12271],[55.207612,25.124046]]]},"properties":{"name":"Al Tayer Motors, Land Rover","shop":"car"}},{"type":"Feature","geometry":{"type":"Polygon","coordinates":[[[55.2111,25.118614],[55.211233,25.118779],[55.211829,25.118384],[55.211697,25.118219],[55.2111,25.118614]]]},"properties":{"name":"Dryad","shop":"yes"}},{"type":"Feature","geometry":{"type":"Polygon","coordinates":[[[55.211271,25.118841],[55.211534,25.11917],[55.212124,25.118784],[55.21186,25.118455],[55.211271,25.118841]]]},"properties":{"name":"Sungate Tyres Trading","shop":"tyres"}},{"type":"Feature","geometry":{"type":"Polygon","coordinates":[[[55.237673,25.151506],[55.238161,25.151185],[55.237984,25.150965],[55.238103,25.150886],[55.237795,25.150502],[55.237252,25.15086],[55.23727,25.150882],[55.237205,25.150925],[55.237673,25.151506]]]},"properties":{"name":"Galadari Automobiles","shop":"car"}},{"type":"Feature","geometry":{"type":"Polygon","coordinates":[[[55.255652,25.174406],[55.255773,25.17432],[55.255286,25.173766],[55.255204,25.173763],[55.255119,25.173834],[55.255652,25.174406]]]},"properties":{"name":"Al Faris Mall","shop":"mall"}},{"type":"Feature","geometry":{"type":"Polygon","coordinates":[[[55.244578,25.171249],[55.24454,25.17128],[55.244602,25.171344],[55.244641,25.171313],[55.244578,25.171249]]]},"properties":{"name":"Al Sayah Gents Saloon","shop":"hairdresser"}},{"type":"Feature","geometry":{"type":"Polygon","coordinates":[[[55.252118,25.146306],[55.252069,25.146242],[55.251974,25.146306],[55.251968,25.146379],[55.252017,25.14644],[55.25208,25.146401],[55.252044,25.146353],[55.252118,25.146306]]]},"properties":{"name":"Bluemart","shop":"greengrocer"}},{"type":"Feature","geometry":{"type":"Polygon","coordinates":[[[55.255661,25.168158],[55.255627,25.168125],[55.255586,25.168084],[55.255582,25.16808],[55.255524,25.168128],[55.255604,25.168206],[55.255661,25.168158]]]},"properties":{"name":"Atlas Al Khaleen Grocery","shop":"greengrocer"}},{"type":"Feature","geometry":{"type":"Polygon","coordinates":[[[55.215181,25.114644],[55.215389,25.114503],[55.215648,25.114818],[55.215439,25.114959],[55.215181,25.114644]]]},"properties":{"name":"Al Rahmani","shop":"doityourself"}},{"type":"Feature","geometry":{"type":"Polygon","coordinates":[[[55.210332,25.117912],[55.210453,25.117832],[55.21098,25.118485],[55.210859,25.118565],[55.210332,25.117912]]]},"properties":{"name":"Lightworks","shop":"yes"}},{"type":"Feature","geometry":{"type":"Polygon","coordinates":[[[55.210129,25.118048],[55.210251,25.117968],[55.210777,25.118621],[55.210656,25.118702],[55.210129,25.118048]]]},"properties":{"name":"Al Jessour","shop":"yes"}},{"type":"Feature","geometry":{"type":"Polygon","coordinates":[[[55.209139,25.118666],[55.209332,25.118539],[55.209869,25.119209],[55.209676,25.119336],[55.209139,25.118666]]]},"properties":{"name":"Auto Repairing Garage","shop":"car_repair"}},{"type":"Feature","geometry":{"type":"Polygon","coordinates":[[[55.213893,25.151585],[55.213926,25.151564],[55.214009,25.15151],[55.214063,25.151475],[55.214001,25.151398],[55.213871,25.151483],[55.213832,25.151508],[55.213893,25.151585]]]},"properties":{"name":"Honeymoon Salon","shop":"beauty"}},{"type":"Feature","geometry":{"type":"Polygon","coordinates":[[[55.210584,25.147415],[55.211076,25.147093],[55.210811,25.14676],[55.210318,25.147083],[55.210359,25.147133],[55.210343,25.147144],[55.21041,25.147228],[55.210426,25.147218],[55.2105,25.14731],[55.210483,25.147321],[55.210527,25.147375],[55.210543,25.147365],[55.210584,25.147415]]]},"properties":{"name":"\u062c\u064a\u06473 \u0645\u0648\u0644","shop":"mall"}},{"type":"Feature","geometry":{"type":"Polygon","coordinates":[[[55.206911,25.142707],[55.206973,25.142782],[55.207149,25.142661],[55.207086,25.142587],[55.206911,25.142707]]]},"properties":{"name":"Speedwell Decor Furniture","shop":"furniture"}},{"type":"Feature","geometry":{"type":"Polygon","coordinates":[[[55.206724,25.142178],[55.206586,25.142267],[55.206669,25.142373],[55.206807,25.142284],[55.206724,25.142178]]]},"properties":{"name":"Carnival Health SPA 2","shop":"beauty"}},{"type":"Feature","geometry":{"type":"Polygon","coordinates":[[[55.21244,25.150623],[55.212279,25.150421],[55.212093,25.150543],[55.212254,25.150744],[55.21244,25.150623]]]},"properties":{"name":"Maison d'art","shop":"art"}},{"type":"Feature","geometry":{"type":"Polygon","coordinates":[[[55.209135,25.14666],[55.208802,25.146864],[55.208801,25.146908],[55.209035,25.147201],[55.209387,25.14698],[55.209135,25.14666]]]},"properties":{"name":"Choithrams","shop":"supermarket"}},{"type":"Feature","geometry":{"type":"Polygon","coordinates":[[[55.206766,25.143427],[55.206741,25.143396],[55.206417,25.142973],[55.206275,25.142958],[55.206136,25.143049],[55.205831,25.143254],[55.206236,25.143765],[55.206766,25.143427]]]},"properties":{"name":"Union Co-Operative Society Hypermarket","shop":"supermarket"}},{"type":"Feature","geometry":{"type":"Polygon","coordinates":[[[55.223591,25.165405],[55.223653,25.165365],[55.223696,25.165337],[55.223619,25.165241],[55.223515,25.165309],[55.223591,25.165405]]]},"properties":{"name":"Beverly Hills Beauty","shop":"beauty"}},{"type":"Feature","geometry":{"type":"Polygon","coordinates":[[[55.199176,25.132246],[55.199235,25.132316],[55.199327,25.132252],[55.199269,25.132182],[55.199176,25.132246]]]},"properties":{"name":"Autopro","shop":"car_repair"}},{"type":"Feature","geometry":{"type":"Polygon","coordinates":[[[55.260388,25.199509],[55.260395,25.199465],[55.26044,25.199443],[55.260483,25.199454],[55.260507,25.199486],[55.260495,25.199528],[55.260458,25.199548],[55.260413,25.199541],[55.260388,25.199509]]]},"properties":{"shop":"convenience"}},{"type":"Feature","geometry":{"type":"Polygon","coordinates":[[[55.250985,25.194778],[55.250871,25.194622],[55.250999,25.194546],[55.251042,25.194607],[55.251007,25.194628],[55.251076,25.194724],[55.250985,25.194778]]]},"properties":{"name":"Bin Nasser Grocery","shop":"convenience"}},{"type":"Feature","geometry":{"type":"Polygon","coordinates":[[[55.237244,25.190711],[55.236803,25.191],[55.236719,25.190895],[55.237161,25.190607],[55.237244,25.190711]]]},"properties":{"name":"Faraz Manan","shop":"clothes"}},{"type":"Feature","geometry":{"type":"Polygon","coordinates":[[[55.239478,25.167916],[55.239746,25.168212],[55.240765,25.167419],[55.240417,25.167052],[55.240304,25.167051],[55.239779,25.167471],[55.239892,25.167605],[55.239478,25.167916]]]},"properties":{"name":"Toyota","shop":"car_repair"}},{"type":"Feature","geometry":{"type":"Polygon","coordinates":[[[55.232489,25.159001],[55.231933,25.158327],[55.23155,25.158586],[55.232106,25.15926],[55.232489,25.159001]]]},"properties":{"name":"Chrysler Dodge Jeep RAM Service Centre","shop":"car_repair"}},{"type":"Feature","geometry":{"type":"Polygon","coordinates":[[[55.220984,25.115152],[55.221091,25.115289],[55.221554,25.11499],[55.221446,25.114853],[55.220984,25.115152]]]},"properties":{"name":"Al Ahli Driving","shop":"car"}},{"type":"Feature","geometry":{"type":"Polygon","coordinates":[[[55.230658,25.157944],[55.230522,25.157766],[55.231047,25.157438],[55.230907,25.157255],[55.230369,25.157591],[55.230269,25.15746],[55.230073,25.157583],[55.230449,25.158076],[55.230658,25.157944]]]},"properties":{"name":"\u0645\u0634\u0631\u0648\u0639\u0627\u062a \u0627\u0644\u0634\u064a\u0631\u0627\u0648\u064a","shop":"car"}},{"type":"Feature","geometry":{"type":"Polygon","coordinates":[[[55.270753,25.195613],[55.270705,25.195608],[55.270656,25.195611],[55.270608,25.195622],[55.270564,25.19564],[55.270523,25.195665],[55.270512,25.195675],[55.270507,25.19569],[55.27051,25.195704],[55.27052,25.195716],[55.270535,25.195723],[55.270585,25.195734],[55.270637,25.195733],[55.270687,25.195722],[55.270733,25.1957],[55.270773,25.19567],[55.270782,25.19566],[55.270787,25.195648],[55.270786,25.195635],[55.270779,25.195624],[55.270767,25.195616],[55.270753,25.195613]]]},"properties":{"name":"Opera Box Office","shop":"ticket"}},{"type":"Feature","geometry":{"type":"Polygon","coordinates":[[[55.252695,25.132989],[55.252833,25.133159],[55.252907,25.13311],[55.252769,25.13294],[55.252695,25.132989]]]},"properties":{"shop":"supermarket"}},{"type":"Feature","geometry":{"type":"Polygon","coordinates":[[[55.223721,25.129679],[55.223796,25.129768],[55.223755,25.129797],[55.22368,25.129708],[55.223721,25.129679]]]},"properties":{"name":"Focus","shop":"car_repair"}},{"type":"Feature","geometry":{"type":"Polygon","coordinates":[[[55.244644,25.139187],[55.24441,25.138888],[55.24494,25.138549],[55.245137,25.138802],[55.244719,25.139069],[55.244756,25.139116],[55.244644,25.139187]]]},"properties":{"name":"Fix My Ride Auto Repairing Garage","shop":"car_repair"}},{"type":"Feature","geometry":{"type":"Polygon","coordinates":[[[55.198988,25.115313],[55.199633,25.115431],[55.199692,25.115154],[55.199139,25.11503],[55.198988,25.115313]]]},"properties":{"name":"The B1 Mall","shop":"mall"}},{"type":"Feature","geometry":{"type":"Polygon","coordinates":[[[55.216509,25.135856],[55.216779,25.135686],[55.216815,25.135539],[55.216728,25.135455],[55.216387,25.135695],[55.216509,25.135856]]]},"properties":{"name":"Levant Auto Trading - Sheikh Zayed Road","shop":"car"}},{"type":"Feature","geometry":{"type":"Polygon","coordinates":[[[55.222204,25.155752],[55.222207,25.155764],[55.222215,25.155775],[55.222226,25.155782],[55.222239,25.155786],[55.222252,25.155785],[55.222263,25.155781],[55.222274,25.155774],[55.22228,25.155765],[55.222284,25.155753],[55.222283,25.155742],[55.222278,25.155731],[55.22227,25.155722],[55.222259,25.155716],[55.222246,25.155714],[55.222234,25.155715],[55.222221,25.15572],[55.222212,25.155729],[55.222206,25.15574],[55.222204,25.155752]]]},"properties":{"name":"Eat and Relax Cafeteria","shop":"convenience"}},{"type":"Feature","geometry":{"type":"Polygon","coordinates":[[[55.206811,25.142575],[55.206989,25.142461],[55.207054,25.142545],[55.206876,25.142658],[55.206811,25.142575]]]},"properties":{"name":"The Nordic Inernational Beauty and Training Centre","shop":"beauty"}},{"type":"Feature","geometry":{"type":"Polygon","coordinates":[[[55.242396,25.171353],[55.242868,25.171004],[55.242698,25.170815],[55.242652,25.170764],[55.242496,25.170591],[55.242023,25.17094],[55.242179,25.171113],[55.242225,25.171164],[55.242396,25.171353]]]},"properties":{"name":"Organic Foods & Caf\u00e9","shop":"supermarket"}},{"type":"Feature","geometry":{"type":"Polygon","coordinates":[[[55.246648,25.197332],[55.246707,25.197421],[55.24672,25.197441],[55.246598,25.197507],[55.246585,25.197488],[55.246563,25.1975],[55.246503,25.197409],[55.246648,25.197332]]]},"properties":{"name":"Zoom","shop":"convenience"}},{"type":"Feature","geometry":{"type":"Polygon","coordinates":[[[55.260351,25.130247],[55.260171,25.130048],[55.260054,25.130134],[55.260234,25.130334],[55.260351,25.130247]]]},"properties":{"name":"\u0648\u0627\u062d\u0629 \u0623\u062f\u0646\u0648\u0643","shop":"convenience"}},{"type":"Feature","geometry":{"type":"Polygon","coordinates":[[[55.259954,25.129681],[55.26003,25.129764],[55.260306,25.12956],[55.260231,25.129477],[55.259954,25.129681]]]},"properties":{"name":"fasttrack","shop":"car_repair"}},{"type":"Feature","geometry":{"type":"Polygon","coordinates":[[[55.227054,25.18345],[55.227094,25.183501],[55.227249,25.183403],[55.22721,25.183352],[55.227054,25.18345]]]},"properties":{"name":"autopro","shop":"car_repair"}},{"type":"Feature","geometry":{"type":"Polygon","coordinates":[[[55.216624,25.136044],[55.217074,25.135779],[55.21693,25.135591],[55.216509,25.135856],[55.216624,25.136044]]]},"properties":{"name":"Project One Motors","shop":"car"}},{"type":"Feature","geometry":{"type":"Polygon","coordinates":[[[55.227154,25.183007],[55.227213,25.183089],[55.227334,25.18302],[55.227271,25.18294],[55.227154,25.183007]]]},"properties":{"name":"Giant","shop":"bicycle"}},{"type":"Feature","geometry":{"type":"Polygon","coordinates":[[[55.227213,25.183089],[55.227291,25.183194],[55.22741,25.183119],[55.227334,25.18302],[55.227213,25.183089]]]},"properties":{"name":"Al Boom Marine","shop":"water_sports"}},{"type":"Feature","geometry":{"type":"Polygon","coordinates":[[[55.266218,25.192771],[55.266085,25.192658],[55.26607,25.192487],[55.266045,25.192135],[55.265994,25.191792],[55.265961,25.191493],[55.265794,25.191108],[55.265503,25.190749],[55.264997,25.190307],[55.264626,25.19007],[55.264418,25.189968],[55.263861,25.189861],[55.263574,25.189805],[55.263372,25.189736],[55.263013,25.189352],[55.263307,25.189126],[55.263953,25.188591],[55.264251,25.188409],[55.264355,25.188332],[55.264455,25.188442],[55.264666,25.188674],[55.264621,25.188708],[55.264667,25.188759],[55.264751,25.188696],[55.264876,25.188833],[55.264796,25.188892],[55.264867,25.18897],[55.264992,25.189099],[55.265059,25.189173],[55.265092,25.189148],[55.265586,25.189686],[55.265637,25.189741],[55.265948,25.190086],[55.265921,25.190107],[55.266016,25.190213],[55.266052,25.190187],[55.266214,25.190367],[55.266326,25.190531],[55.26645,25.190662],[55.266623,25.19079],[55.267103,25.191297],[55.267047,25.19134],[55.267142,25.19144],[55.267201,25.191395],[55.267317,25.191518],[55.267284,25.191543],[55.267575,25.191851],[55.267789,25.192059],[55.267712,25.192117],[55.267567,25.192228],[55.267146,25.192559],[55.266745,25.192779],[55.266439,25.193011],[55.266218,25.192771]]]},"properties":{"name":"Bay Avenue \u200bMall","shop":"mall"}}]}